Medications  ,If taking for this reason ,Decision  
Abiraterone Acetate,Cancer ,"Within 2 yrs-Decline,Within 2 to 4 yrs-Graded,Over 4 yrs-Preferred"
Acamprosate ,Alcohol Abuse ,Within 1 yr-Graded Within 2 yrs-Standard Over 2 yrs-Preferred 
Acarbose ,Non-Insulin Diabetes/Type 2 ,"Preferred unless diagnosedprior to age 18, thenGraded "
AccuNeb ,"Chronic Obstructive Pulmonary Disease,Emphysema, Chronic Asthma,Black Lung, ChronicBronchitis, ChronicRespiratory Disease ",Standard 
Accupril ,Congestive HeartFailure/CHF ,Within 1 yr-Graded Within 2 yrs-Standard Over 2 yrs-Preferred if CHF resolved 
Acetazolamide ,Seizures ,Within 1 yr and > 12seizures in last yr-Graded; Within 2 yrs and >12 seizures in last 2 yrs-Std; Over 2 years or < 12 seizures respectively-Preferred 
Acetylcysteine ,"Chronic Obstructive Pulmonary Disease,Emphysema, Chronic Asthma, Black Lung, ChronicBronchitis, ChronicRespiratory Disease ",Standard 
Actigall ,Cirrhosis ,Within 1 yr-Graded Within 2 yrs-Standard Over 2 yrs-Preferred 
Activase ,Stroke/CVA ,Date of Stroke: Within 1 yr-Graded; Within 2 yrs-Standard; Over 2 yrs-Preferred 
Actoplus MET ,Non-Insulin Diabetes/Type 2 ,"Preferred unless diagnosedprior to age 18, thenGraded "
Actos ,Non-Insulin Diabetes/Type 2 ,"Preferred unless diagnosedprior to age 18, thenGraded "
Adalat ,Angina/Chest Pain ,Based on date of diagnosis:Within 1 yr-Graded; Within 2 yrs-Standard; Over 2 years-Preferred 
Adriamycin ,Cancer ,Within 2 yrs-Decline Within 2 to 4 yrs-GradedOver 4 yrs-Preferred 
Adrimycin ,Liver Disease ,Within 1 yr-Graded Within 2 yrs-Standard Over 2 yrs-Preferred 
Adrucil ,Cancer ,Within 2 yrs-Decline Within 2 to 4 yrs-GradedOver 4 yrs-Preferred 
Advair ,"Chronic Obstructive Pulmonary Disease,Emphysema, Chronic Asthma, Black Lung, ChronicBronchitis, ChronicRespiratory Disease ",Standard
Advair Symbicort ,"Chronic Obstructive Pulmonary Disease,Emphysema, Chronic Asthma,Black Lung, ChronicBronchitis, ChronicRespiratory Disease ",Standard 
Afinitor ,Cancer ,Within 2 yrs-Decline Within 2 to 4 yrs-GradedOver 4 yrs-Preferred 
Albenza ,Liver Disease ,Within 1 yr-Graded Within 2 yrs-Standard Over 2 yrs-Preferred 
Albuked ,Liver Disease ,Within 1 yr-Graded Within 2 yrs-Standard Over 2 yrs-Preferred 
Albumin ,Liver Disease ,Within 1 yr-Graded Within 2 yrs-Standard Over 2 yrs-Preferred 
Albuminar ,Liver Disease ,Within 1 yr-Graded Within 2 yrs-Standard Over 2 yrs-Preferred 
AlbuRX ,Liver Disease 4 ,Within 1 yr-Graded Within 2 yrs-Standard Over 2 yrs-Preferred 
Albutein ,Liver Disease ,Within 1 yr-Graded Within 2 yrs-Standard Over 2 yrs-Preferred 
Albuterol ,"Chronic Obstructive Pulmonary Disease,Emphysema, Chronic Asthma,Black Lung, ChronicBronchitis, ChronicRespiratory Disease ",Standard 
Aldactone ,Cirrhosis ,Within 1 yr-Graded Within 2 yrs-Standard Over 2 yrs-Preferred 
Aldactone ,Congestive HeartFailure/CHF ,Within 1 yr-Graded Within 2 yrs-Standard Over 2 yrs-Preferred if CHF resolved 
Alimta ,Cancer ,Within 2 yrs-Decline Within 2 to 4 yrs-GradedOver 4 yrs-Preferred 
Alkeran ,Cancer ,Within 2 yrs-Decline Within 2 to 4 yrs-GradedOver 4 yrs-Preferred 
Altace ,Congestive HeartFailure/CHF ,Within 1 yr-Graded Within 2 yrs-Standard Over 2 yrs-Preferred if CHF resolved 
Altretamine ,Cancer ,Within 2 yrs-Decline Within 2 to 4 yrs-GradedOver 4 yrs-Preferred 
Alvesco ,"Chronic Obstructive Pulmonary Disease,Emphysema, Chronic Asthma,Black Lung, ChronicBronchitis, ChronicRespiratory Disease ",Standard
Amantadine ,Multiple Sclerosis ,Standard 
Amantadine ,Parkinson's Disease ,Standard 
Amaryl ,Non-Insulin Diabetes/Type 2 ,"Preferred unless diagnosedprior to age 18, thenGraded "
Aminophylline ,"Chronic Obstructive Pulmonary Disease,Emphysema, Chronic Asthma,Black Lung, ChronicBronchitis, ChronicRespiratory Disease ",Standard 
Amiodarone ,Arrhythmia ,Within 2 yrs-Standard Over 2 yrs-Preferred 
Amlodipine ,Angina/Chest Pain ,Based on date of diagnosis:Within 1 yr-Graded; Within 2 yrs-Standard; Over 2 years-Preferred 
Amobarbital ,Seizures ,Within 1 yr and > 12seizures in last yr-Graded; Within 2 yrs and >12 seizures in last 2 yrs-Std; Over 2 years or < 12seizures respectively-Preferred 
Ampyra ,Multiple Sclerosis ,Standard 
Amytal ,Seizures ,Within 1 yr and > 12seizures in last yr-Graded; Within 2 yrs and > 12 seizures in last 2 yrs-Std; Over 2 years or < 12seizures respectively-Preferred 
Anastrozole ,Cancer ,Within 2 yrs-Decline Within 2 to 4 yrs-GradedOver 4 yrs-Preferred 
Android ,Cancer ,Within 2 yrs-Decline Within 2 to 4 yrs-GradedOver 4 yrs-Preferred 
Androxy ,Cancer ,Within 2 yrs-Decline Within 2 to 4 yrs-GradedOver 4 yrs-Preferred 
Anoro Ellipta ,"Chronic Obstructive Pulmonary Disease,Emphysema, Chronic Asthma, Black Lung, ChronicBronchitis, ChronicRespiratory Disease ",Standard 
Antabuse ,Alcohol Abuse ,Within 1 yr-Graded Within 2 yrs-Standard Over 2 yrs-Preferred 
Apidra ,Insulin DependentDiabetes/Type 1 ,Within 2 yrs-Std Over 2 yrs-Preferred 
Aranesp ,Cancer ,Within 2 yrs-Decline Within 2 to 4 yrs-GradedOver 4 yrs-Preferred 
Aranesp ,Anemia ,Within 2 yrs-Standard Over 2 yrs-Preferred 
Aranesp ,Kidney/Renal Disease ,Within 4 yrs-Std Over 4 yrs-Preferred On Dialysis-Graded 
Arimidex ,Cancer ,Within 2 yrs-Decline Within 2 to 4 yrs-GradedOver 4 yrs-Preferred 
Arixtra ,Heart Attack ,Date of Heart Attack: Within 1 yr-Graded Within 2 yrs-Standard > 2 yrs-Preferred 
Aromasin ,Cancer ,Within 2 yrs-Decline Within 2 to 4 yrs-GradedOver 4 yrs-Preferred 
Asmanex ,"Chronic Obstructive Pulmonary Disease,Emphysema, Chronic Asthma, Black Lung, ChronicBronchitis, ChronicRespiratory Disease ",Standard 
Atacand ,Congestive HeartFailure/CHF ,Within 1 yr-Graded Within 2 yrs-Standard Over 2 yrs-Preferred if CHF resolved 
Atenolol ,Angina/Chest Pain ,Based on date of diagnosis:Within 1 yr-Graded; Within 2 yrs-Standard; Over 2 years-Preferred 
Atenolol ,Heart Attack ,Date of Heart Attack: Within 1 yr-Graded Within 2 yrs-Standard > 2 yrs-Preferred 
Atenolol ,Congestive HeartFailure/CHF ,Within 1 yr-Graded Within 2 yrs-Standard Over 2 yrs-Preferred if CHF resolved 
Ativan ,Alcohol Abuse ,Within 1 yr-Graded Within 2 yrs-Standard Over 2 yrs-Preferred 
Atrovent ,"Chronic Obstructive Pulmonary Disease,Emphysema, Chronic Asthma,Black Lung, ChronicBronchitis, ChronicRespiratory Disease ",Standard 
Atrovent ,"Chronic Obstructive Pulmonary Disease,Emphysema, Chronic Asthma,Black Lung, ChronicBronchitis, ChronicRespiratory Disease ",Standard 
Aubagio ,Multiple Sclerosis ,Standard 
Avapro ,Congestive HeartFailure/CHF ,Within 1 yr-Graded Within 2 yrs-Standard Over 2 yrs-Preferred if CHF resolved 
Avastin ,Cancer ,Within 2 yrs-Decline Within 2 to 4 yrs-GradedOver 4 yrs-Preferred 
Avonex ,Multiple Sclerosis ,Standard 
Axitinib ,Cancer ,Within 2 yrs-Decline Within 2 to 4 yrs-GradedOver 4 yrs-Preferred 
Azasan ,Liver Disease ,Within 1 yr-Graded Within 2 yrs-Standard Over 2 yrs-Preferred 
Azasan ,Hepatitis B or C ,Within 1 yr-Graded Within 2 yrs-Standard Over 2 yrs-Preferred if resolved 
Azathioprine ,Hepatitis B or C ,Within 1 yr-Graded Within 2 yrs-Standard Over 2 yrs-Preferred if resolved 
Azilect ,Parkinson's Disease ,Standard 
Banzel ,Seizures ,Within 1 yr and > 12seizures in last yr-Graded; Within 2 yrs and >12 seizures in last 2 yrs-Std; Over 2 years or < 12 seizures respectively-Preferred 
Baraclude ,Hepatitis B or C ,Within 1 yr-Graded Within 2 yrs-Standard Over 2 yrs-Preferred if resolved 
Bcalofen ,Multiple Sclerosis ,Standard 
BCG Live ,Cancer ,Within 2 yrs-DeclineWithin 2 to 4 yrs-GradedOver 4 yrs-Preferred 
Benadryl ,Parkinson's Disease ,Standard 
Benazepril ,Congestive HeartFailure/CHF ,Within 1 yr-Graded Within 2 yrs-Standard Over 2 yrs-Preferred if CHF resolved 
Benicar ,Congestive HeartFailure/CHF ,Within 1 yr-Graded Within 2 yrs-Standard Over 2 yrs-Preferred if CHF resolved 
Benztropine ,Parkinson's Disease ,Standard 
Betapace ,Arrhythmia/Irregular HeartRhythm ,Within 2 yrs-Standard Over 2 yrs-Preferred 
Betaseron ,Multiple Sclerosis ,Standard 
Bevacizumab ,Cancer ,Within 2 yrs-Decline Within 2 to 4 yrs-GradedOver 4 yrs-Preferred 
Bexarotene ,Cancer ,Within 2 yrs-Decline Within 2 to 4 yrs-GradedOver 4 yrs-Preferred 
Bicalutamide ,Cancer ,Within 2 yrs-Decline Within 2 to 4 yrs-GradedOver 4 yrs-Preferred 
BiCNU ,Cancer ,Within 2 yrs-Decline Within 2 to 4 yrs-GradedOver 4 yrs-Preferred 
Bisoprolol Fumarate ,Angina/Chest Pain ,Based on date of diagnosis:Within 1 yr-Graded; Within 2 yrs-Standard; Over 2 years-Preferred 
Bisoprolol Fumarate ,Congestive HeartFailure/CHF ,Within 1 yr-Graded Within 2 yrs-Standard Over 2 yrs-Preferred if CHF resolved 
Bleomycin ,Cancer ,Within 2 yrs-Decline Within 2 to 4 yrs-GradedOver 4 yrs-Preferred 
Bravona ,"Chronic Obstructive Pulmonary Disease,Emphysema, Chronic Asthma,Black Lung, ChronicBronchitis, ChronicRespiratory Disease ",Standard 
Breo ,"Chronic Obstructive Pulmonary Disease,Emphysema, Chronic Asthma, Black Lung, ChronicBronchitis, ChronicRespiratory Disease ",Standard 
Breo-Ellipta ,"Chronic Obstructive Pulmonary Disease,Emphysema, Chronic Asthma, Black Lung, ChronicBronchitis, Chronic RespiratoryDisease ",Standard 
Brilinta ,Stroke/CVA ,Date of Stroke: Within 1 yr-Graded Within 2 yrs-Standard > 2 yrs-Preferred 
Bromocriptine ,Parkinson's Disease ,Standard 
Budesonide ,"Chronic Obstructive Pulmonary Disease,Emphysema, Chronic Asthma,Black Lung, ChronicBronchitis, ChronicRespiratory Disease ",Standard 
Builtricide ,Liver Disease ,Within 1 yr-Graded Within 2 yrs-Standard Over 2 yrs-Preferred 
Bumatanide ,Congestive HeartFailure/CHF ,Within 1 yr-Graded Within 2 yrs-Standard Over 2 yrs-Preferred if CHF resolved 
Bumetanide ,Kidney/Renal Disease ,Within 4 yrs-Std Over 4 yrs-PreferredOn Dialysis-Graded 
Buminate ,Liver Disease ,Within 1 yr-Graded Within 2 yrs-Standard Over 2 yrs-Preferred 
Buprenorphine SL ,Drug Abuse ,Within 1 yr-Graded Within 2 yrs-Standard Over 2 yrs-Preferred 
Buprenorphine-Naloxone ,Drug Abuse ,Within 1 yr-Graded Within 2 yrs-Standard Over 2 yrs-Preferred 
Buproban ,Smoking Cessation ,Within 1 yr-Tobacco rates 
Bydureon ,Non-Insulin Diabetes/Type 2 ,"Preferred unless diagnosedprior to age 18, thenGraded "
Byetta ,Non-Insulin Diabetes/Type 2 ,"Preferred unless diagnosedprior to age 18, thenGraded "
Bystolic ,Angina/Chest Pain ,Based on date of diagnosis:Within 1 yr-Graded; Within 2 yrs-Standard; Over 2 years-Preferred 
Bystolic ,Congestive HeartFailure/CHF ,Within 1 yr-Graded Within 2 yrs-Standard Over 2 yrs-Preferred if CHF resolved 
Caduet ,Angina/Chest Pain ,Based on date of diagnosis: Within 1 yr-Graded; Within 2 yrs-Standard; Over 2 years-Preferred 
Calcijex ,Kidney/Renal Disease ,Within 4 yrs-Std Over 4 yrs-PreferredOn Dialysis-Graded 
Calcitriol ,Kidney/Renal Disease ,Within 4 yrs-Std Over 4 yrs-PreferredOn Dialysis-Graded 
Calcium Acetate ,Kidney/Renal Disease ,Within 4 yrs-Std Over 4 yrs-Preferred On Dialysis-Graded 
Calcium Folinate ,Cancer ,Within 2 yrs-Decline Within 2 to 4 yrs-GradedOver 4 yrs-Preferred 
Campral ,Alcohol Abuse ,Within 1 yr-Graded Within 2 yrs-Standard Over 2 yrs-Preferred 
Camptosar ,Cancer ,Within 2 yrs-Decline Within 2 to 4 yrs-GradedOver 4 yrs-Preferred 
Capecitabine ,Cancer ,Within 2 yrs-Decline Within 2 to 4 yrs-GradedOver 4 yrs-Preferred 
Captopril ,Congestive HeartFailure/CHF ,Within 1 yr-Graded Within 2 yrs-Standard Over 2 yrs-Preferred if CHF resolved 
Carbamazepine ,Seizures ,Within 1 yr and > 12seizures in last yr-Graded; Within 2 yrs and >12 seizures in last 2 yrs-Std; Over 2 years or < 12seizures respectively-Preferred 
Carbatrol ,Seizures ,Within 1 yr and > 12seizures in last yr-Graded; Within 2 yrs and > 12 seizures in last 2 yrs-Std; Over 2 years or < 12seizures respectively-Preferred 
Carbidopa-Levodopa ,Parkinson's Disease ,Standard 
Carboplatin ,Cancer ,Within 2 yrs-Decline Within 2 to 4 yrs-GradedOver 4 yrs-Preferred 
Cardizem ,Angina/Chest Pain ,Based on date of diagnosis:Within 1 yr-Graded; Within 2 yrs-Standard; Over 2 years-Preferred 
Cardizem ,Arrhythmia/Irregular HeartRhythm ,Within 2 yrs-Standard Over 2 yrs-Preferred 
Carmustine ,Cancer ,Within 2 yrs-Decline Within 2 to 4 yrs-GradedOver 4 yrs-Preferred 
Cartia ,Angina/Chest Pain ,Based on date of diagnosis:Within 1 yr-Graded; Within 2 yrs-Standard; Over 2 years-Preferred 
Carvedilol ,Congestive HeartFailure/CHF ,Within 1 yr-Graded Within 2 yrs-Standard Over 2 yrs-Preferred if CHF resolved 
Casodex ,Cancer ,Within 2 yrs-Decline Within 2 to 4 yrs-GradedOver 4 yrs-Preferred 
Celontin ,Seizures ,Within 1 yr and > 12 seizures in last yr-Graded; Within 2 yrs and >12 seizures in last 2 yrs-Std; Over 2 years or < 12seizures respectively-Preferred 
Cetuximab ,Cancer ,Within 2 yrs-Decline Within 2 to 4 yrs-GradedOver 4 yrs-Preferred 
Chantix ,Smoking Cessation ,Within 1 yr-Tobacco rates 
Chlorambucil ,Cancer ,Within 2 yrs-Decline Within 2 to 4 yrs-GradedOver 4 yrs-Preferred 
Chlorambucil ,Kidney/Renal Disease ,Within 4 yrs-Std Over 4 yrs-Preferred On Dialysis-Graded 
Chlordiazepoxide ,Alcohol Abuse ,Within 1 yr-Graded Within 2 yrs-Standard Over 2 yrs-Preferred 
Chlorpromazine ,Liver Disease ,Within 1 yr-Graded Within 2 yrs-Standard Over 2 yrs-Preferred 
Chlorpropamide ,Non-Insulin Diabetes/Type 2 ,"Preferred unless diagnosedprior to age 18, thenGraded "
Chlorthalidone ,Congestive HeartFailure/CHF ,Within 1 yr-Graded Within 2 yrs-Standard Over 2 yrs-Preferred if CHF resolved 
Cilostazol ,Congestive HeartFailure/CHF ,Within 1 yr-Graded Within 2 yrs-Standard Over 2 yrs-Preferred if CHF resolved 
Cilostazol ,Circulatory/VascularDisorder ,Within 2 yrs-Standard Over 2 yrs-Preferred 
Cinacalet ,Cancer ,Within 2 yrs-Decline Within 2 to 4 yrs-GradedOver 4 yrs-Preferred 
Cinacalet ,Kidney/Renal Disease ,Within 4 yrs-Std Over 4 yrs-PreferredOn Dialysis-Graded 
Cisplatin ,Cancer ,Within 2 yrs-Decline Within 2 to 4 yrs-GradedOver 4 yrs-Preferred 
Cisplatin ,Kidney/Renal Disease ,Within 4 yrs-Std Over 4 yrs-PreferredOn Dialysis-Graded 
Clonazepam ,Seizures ,Within 1 yr and > 12 seizures in last yr-Graded; Within 2 yrs and >12 seizures in last 2 yrs-Std; Over 2 years or < 12seizures respectively-Preferred 
Clopidogrel ,Angina/Chest Pain ,Based on date of diagnosis:Within 1 yr-Graded; Within 2 yrs-Standard; Over 2 years-Preferred 
Clopidogrel ,Heart Attack ,Date of Heart Attack: Within 1 yr-Graded Within 2 yrs-Standard > 2 yrs-Preferred 
Clopidogrel ,Stroke/CVA ,Date of Stroke: Within 1 yr-Graded; Within 2 yrs-Standard; Over 2 yrs-Preferred 
Clorazepate Dipotassium ,Alcohol Abuse ,Within 1 yr-Graded Within 2 yrs-Standard Over 2 yrs-Preferred 
Colesevelam ,Non-Insulin Diabetes/Type 2 ,"Preferred unless diagnosedprior to age 18, thenGraded "
Combivent ,"Chronic Obstructive Pulmonary Disease,Emphysema, Chronic Asthma,Black Lung, ChronicBronchitis, ChronicRespiratory Disease ",Standard 
Comtan ,Parkinson's Disease ,Standard 
Constulose ,Liver Disease ,Within 1 yr-Graded Within 2 yrs-Standard Over 2 yrs-Preferred 
Copaxone ,Multiple Sclerosis ,Standard 
Cordarone ,Arrhythmia ,Within 2 yrs-Standard Over 2 yrs-Preferred 
Coreg ,Congestive HeartFailure/CHF ,Within 1 yr-Graded Within 2 yrs-Standard Over 2 yrs-Preferred if CHF resolved 
Corgard ,Angina/Chest Pain ,Based on date of diagnosis:Within 1 yr-Graded; Within 2 yrs-Standard; Over 2 years-Preferred 
Cortef ,Multiple Sclerosis ,Standard 
Cortisone ,Hepatitis B or C ,Within 1 yr-Graded Within 2 yrs-Standard Over 2 yrs-Preferred if resolved 
Cosmegen ,Cancer ,Within 2 yrs-Decline Within 2 to 4 yrs-GradedOver 4 yrs-Preferred 
Coumadin ,Heart Attack ,Date of Heart Attack: Within 1 yr-Graded Within 2 yrs-Standard > 2 yrs-Preferred 
Coumadin ,Stroke/CVA ,Date of Stroke: Within 1 yr-Graded; Within 2 yrs-Standard; Over 2 yrs-Preferred 
Cozaar ,Congestive HeartFailure/CHF ,Within 1 yr-Graded Within 2 yrs-Standard Over 2 yrs-Preferred if CHF resolved 
Crizotinib ,Cancer ,Within 2 yrs-Decline Within 2 to 4 yrs-GradedOver 4 yrs-Preferred 
Cuprimine ,Liver Disease ,Within 1 yr-Graded Within 2 yrs-Standard Over 2 yrs-Preferred 
Cyclophosphamide ,Cancer ,Within 2 yrs-Decline Within 2 to 4 yrs-GradedOver 4 yrs-Preferred 
Cycloset ,Non-Insulin Diabetes/Type 2 ,"Preferred unless diagnosedprior to age 18, thenGraded "
Cyclosporine ,Liver Disease ,Within 1 yr-Graded Within 2 yrs-Standard Over 2 yrs-Preferred 
Cyproheptadine ,Multiple Sclerosis ,Standard 
Dactinomycin ,Cancer ,Within 2 yrs-Decline Within 2 to 4 yrs-GradedOver 4 yrs-Preferred 
Daliresp ,"Chronic Obstructive Pulmonary Disease,Emphysema, Chronic Asthma,Black Lung, ChronicBronchitis, ChronicRespiratory Disease ",Standard 
Dantrium ,Muscular Dystrophy ,Within 1 yr-Graded Over 1 yr-Preferred 
Dantrolene ,Muscular Dystrophy ,Within 1 yr-Graded Over 1 yr-Preferred 
Dasatinib ,Cancer ,Within 2 yrs-Decline Within 2 to 4 yrs-GradedOver 4 yrs-Preferred 
Degarelix ,Cancer ,Within 2 yrs-Decline Within 2 to 4 yrs-GradedOver 4 yrs-Preferred 
Delatestryl ,Cancer ,Within 2 yrs-Decline Within 2 to 4 yrs-GradedOver 4 yrs-Preferred 
Delestrogen ,Cancer ,Within 2 yrs-Decline Within 2 to 4 yrs-GradedOver 4 yrs-Preferred 
Demadex ,Cirrhosis ,Within 1 yr-Graded Within 2 yrs-Standard Over 2 yrs-Preferred 
Demadex ,Congestive HeartFailure/CHF ,Within 1 yr-Graded Within 2 yrs-Standard Over 2 yrs-Preferred if CHF resolved 
Demadex ,Kidney/Renal Disease ,Within 4 yrs-Std Over 4 yrs-PreferredOn Dialysis-Graded 
Denosumab ,Cancer ,Within 2 yrs-Decline Within 2 to 4 yrs-GradedOver 4 yrs-Preferred 
Depacon ,Seizures ,Within 1 yr and > 12seizures in last yr-Graded; Within 2 yrs and >12 seizures in last 2 yrs-Std; Over 2 years or < 12seizures respectively-Preferred 
Depade ,Alcohol Abuse ,Within 1 yr-Graded Within 2 yrs-Standard Over 2 yrs-Preferred 
Depade ,Drug Abuse ,Within 1 yr-Graded Within 2 yrs-Standard Over 2 yrs-Preferred 
Depakene ,Seizures ,Within 1 yr and > 12seizures in last yr-Graded; Within 2 yrs and >12 seizures in last 2 yrs-Std; Over 2 years or < 12seizures respectively-Preferred 
Depakote ,Seizures ,Within 1 yr and > 12 seizures in last yr-Graded; Within 2 yrs and >12 seizures in last 2 yrs-Std; Over 2 years or < 12seizures respectively-Preferred 
Depakote Sprinkles ,Seizures ,Within 1 yr and > 12seizures in last yr-Graded; Within 2 yrs and >12 seizures in last 2 yrs-Std; Over 2 years or < 12seizures respectively-Preferred 
Depo-Estradiol ,Cancer ,Within 2 yrs-Decline Within 2 to 4 yrs-GradedOver 4 yrs-Preferred 
Depo-Provera ,Cancer ,Within 2 yrs-Decline Within 2 to 4 yrs-GradedOver 4 yrs-Preferred 
Depo-Testosterone ,Cancer ,Within 2 yrs-Decline Within 2 to 4 yrs-GradedOver 4 yrs-Preferred 
Dexamethasone ,Multiple Sclerosis ,Standard 
Diabeta ,Non-Insulin Diabetes/Type 2 ,"Preferred unless diagnosedprior to age 18, thenGraded "
Diovan ,Congestive Heart Failure/CHF ,Within 1 yr-Graded Within 2 yrs-Standard Over 2 yrs-Preferred if CHF resolved 
Diazepam ,Alcohol Abuse ,Within 1 yr-Graded Within 2 yrs-Standard Over 2 yrs-Preferred 
Diazepam Intensol ,Alcohol Abuse ,Within 1 yr-Graded Within 2 yrs-Standard Over 2 yrs-Preferred 
Digitek ,Arrhythmia/Irregular HeartRhythm ,Within 2 yrs-Standard Over 2 yrs-Preferred 
Digoxin ,Congestive HeartFailure/CHF ,Within 1 yr-Graded Within 2 yrs-Standard Over 2 yrs-Preferred if CHF resolved 
Digoxin ,Arrhythmia/Irregular HeartRhythm ,Within 2 yrs-Standard Over 2 yrs-Preferred 
Dilantin ,Seizures ,Within 1 yr and > 12seizures in last yr-Graded; Within 2 yrs and >12 seizures in last 2 yrs-Std; Over 2 years or < 12seizures respectively-Preferred 
Diltiazem ,Angina/Chest Pain ,Based on date of diagnosis:Within 1 yr-Graded; Within 2 yrs-Standard; Over 2 years-Preferred 
Diltiazem ,Arrhythmia/Irregular HeartRhythm ,Within 2 yrs-Standard Over 2 yrs-Preferred 
Diphen ,Seizures ,Within 1 yr and > 12seizures in last yr-Graded; Within 2 yrs and >12 seizures in last 2 yrs-Std; Over 2 years or < 12seizures respectively-Preferred 
Diphenhydramine ,Parkinson's Disease ,Standard 
Disulfiram ,Alcohol Abuse ,Within 1 yr-Graded Within 2 yrs-Standard Over 2 yrs-Preferred 
Divalproex ,Seizures ,Within 1 yr and > 12seizures in last yr-Graded; Within 2 yrs and >12 seizures in last 2 yrs-Std; Over 2 years or < 12seizures respectively-Preferred 
Dobutamine ,Congestive HeartFailure/CHF ,Within 1 yr-Graded Within 2 yrs-Standard Over 2 yrs-Preferred if CHF resolved 
Docefrez ,Cancer ,Within 2 yrs-Decline Within 2 to 4 yrs-GradedOver 4 yrs-Preferred 
Docetaxel ,Cancer ,Within 2 yrs-Decline Within 2 to 4 yrs-GradedOver 4 yrs-Preferred 
Dopamine ,Congestive Heart Failure/CHF ,Within 1 yr-Graded Within 2 yrs-Standard Over 2 yrs-Preferred if CHF resolved 
Dopamine ,Kidney/Renal Disease ,Within 4 yrs-Std Over 4 yrs-PreferredOn Dialysis-Graded 
Doxil ,Cancer ,Within 2 yrs-Decline Within 2 to 4 yrs-GradedOver 4 yrs-Preferred 
Doxorubicin ,Liver Disease ,Within 1 yr-Graded Within 2 yrs-Standard Over 2 yrs-Preferred 
Doxorubicin ,Cancer ,Within 2 yrs-Decline Within 2 to 4 yrs-GradedOver 4 yrs-Preferred 
Drisdol ,Kidney/Renal Disease ,Within 4 yrs-Std Over 4 yrs-Preferred On Dialysis-Graded 
Dronedarone ,Arrhythmia ,Within 2 yrs-Standard Over 2 yrs-Preferred 
Duetact ,Non-Insulin Diabetes/Type 2 ,"Preferred unless diagnosedprior to age 18, thenGraded "
Dulera ,"Chronic Obstructive Pulmonary Disease,Emphysema, Chronic Asthma, Black Lung, ChronicBronchitis, ChronicRespiratory Disease ",Standard 
DuoNeb ,"Chronic Obstructive Pulmonary Disease,Emphysema, Chronic Asthma,Black Lung, ChronicBronchitis, ChronicRespiratory Disease ",Standard 
Dyazide ,Liver Disease ,Within 1 yr-Graded Within 2 yrs-Standard Over 2 yrs-Preferred 
Dyazide ,Congestive Heart Failure/CHF ,Within 1 yr-Graded Within 2 yrs-Standard Over 2 yrs-Preferred if CHF Resolved 
Dyazide ,Kidney/Renal Disease ,Within 4 yrs-Std Over 4 yrs-Preferred On Dialysis-Graded 
Dyphylline Guaifenesin ,"Chronic Obstructive Pulmonary Disease,Emphysema, Chronic Asthma,Black Lung, Chronic Bronchitis, ChronicRespiratory Disease ",Standard 
Eligard ,Cancer ,Within 2 yrs-Decline Within 2 to 4 yrs-GradedOver 4 yrs-Preferred 
Eliquis ,Arrhythmia ,Within 2 yrs-Standard Over 2 yrs-Preferred 
Eliquis ,Circulatory/VascularDisorder ,Within 2 yrs-Standard Over 2 yrs-Preferred 
Ellence ,Cancer ,Within 2 yrs-Decline Within 2 to 4 yrs-GradedOver 4 yrs-Preferred 
Eloxatin ,Cancer ,Within 2 yrs-Decline Within 2 to 4 yrs-GradedOver 4 yrs-Preferred 
Emcyt ,Cancer ,Within 2 yrs-Decline Within 2 to 4 yrs-GradedOver 4 yrs-Preferred 
Enalapril Maleate ,Congestive HeartFailure/CHF ,Within 1 yr-Graded Within 2 yrs-Standard Over 2 yrs-Preferred if CHF resolved 
Enoxaparin ,Circulatory/VascularDisorder ,Within 2 yrs-Standard Over 2 yrs-Preferred 
Entecavir ,Hepatitis B or C ,Within 1 yr-Graded Within 2 yrs-Standard Over 2 yrs-Preferred if resolved 
Entresto ,Congestive HeartFailure/CHF ,"Within one yr-graded,Within 2 yrs-Standard, Over 2 yrs-Preferred if CHF resolved "
Enulose ,Liver Disease ,Within 1 yr-Graded Within 2 yrs-Standard Over 2 yrs-Preferred 
Epiklor ,Liver Disease ,Within 1 yr-Graded Within 2 yrs-Standard Over 2 yrs-Preferred 
Epiklor ,Congestive HeartFailure/CHF ,Within 1 yr-Graded Within 2 yrs-Standard Over 2 yrs-Preferred if CHF resolved 
Epirubicin ,Cancer ,Within 2 yrs-Decline Within 2 to 4 yrs-GradedOver 4 yrs-Preferred 
Epitol ,Seizures ,Within 1 yr and > 12seizures in last yr-Graded; Within 2 yrs and >12 seizures in last 2 yrs-Std; Over 2 years or < 12seizures respectively-Preferred 
Epogen ,Cancer ,Within 2 yrs-Decline Within 2 to 4 yrs-GradedOver 4 yrs-Preferred 
Epogen ,Circulatory/VascularDisorder ,Within 2 yrs-Standard Over 2 yrs-Preferred 
Epogen ,Kidney/Renal Disease ,Within 4 yrs-Std Over 4 yrs-Preferred On Dialysis-Graded 
Epvir ,Hepatitis B or C ,Within 1 yr-Graded Within 2 yrs-Standard Over 2 yrs-Preferred if resolved 
Equetro ,Seizures ,Within 1 yr and > 12seizures in last yr-Graded; Within 2 yrs and >12 seizures in last 2 yrs-Std; Over 2 years or < 12seizures respectively-Preferred 
Erbitux ,Cancer ,Within 2 yrs-Decline Within 2 to 4 yrs-GradedOver 4 yrs-Preferred 
Erlotinib ,Cancer ,Within 2 yrs-Decline Within 2 to 4 yrs-GradedOver 4 yrs-Preferred 
Esterifed Estrogens ,Cancer ,Within 2 yrs-Decline Within 2 to 4 yrs-GradedOver 4 yrs-Preferred 
Estrace ,Cancer ,Within 2 yrs-Decline Within 2 to 4 yrs-GradedOver 4 yrs-Preferred 
Estradiol ,Cancer ,Within 2 yrs-Decline Within 2 to 4 yrs-GradedOver 4 yrs-Preferred 
Estradiol Valerate ,Cancer ,Within 2 yrs-Decline Within 2 to 4 yrs-GradedOver 4 yrs-Preferred 
Estramustine ,Cancer ,Within 2 yrs-Decline Within 2 to 4 yrs-GradedOver 4 yrs-Preferred 
Ethosuximide ,Seizures ,Within 1 yr and > 12seizures in last yr-Graded; Within 2 yrs and >12 seizures in last 2 yrs-Std; Over 2 years or < 12seizures respectively-Preferred 
Ethotoin ,Seizures ,Within 1 yr and > 12seizures in last yr-Graded; Within 2 yrs and >12 seizures in last 2 yrs-Std; Over 2 years or < 12seizures respectively-Preferred 
Etopophos ,Cancer ,Within 2 yrs-Decline Within 2 to 4 yrs-GradedOver 4 yrs-Preferred 
Etoposide ,Cancer ,Within 2 yrs-Decline Within 2 to 4 yrs-GradedOver 4 yrs-Preferred 
Etoposide Phosphate ,Cancer ,Within 2 yrs-Decline Within 2 to 4 yrs-GradedOver 4 yrs-Preferred 
Eulexin ,Cancer ,"Within 2 yrs-Decline,Within 2 to 4 yrs-Graded,Over 4 yrs-Preferred "
Everolimus ,Cancer ,Within 2 yrs-Decline Within 2 to 4 yrs-GradedOver 4 yrs-Preferred 
Exemestane ,Cancer ,Within 2 yrs-Decline Within 2 to 4 yrs-GradedOver 4 yrs-Preferred 
Exenatide ,Non-Insulin Diabetes/Type 2 ,"Preferred unless diagnosedprior to age 18, thenGraded "
Ezogabine ,Seizures ,Within 1 yr and > 12seizures in last yr-Graded; Within 2 yrs and > 12 seizures in last 2 yrs-Std; Over 2 years or < 12seizures respectively-Preferred 
Fanatrex ,Seizures ,Within 1 yr and > 12seizures in last yr-Graded; Within 2 yrs and >12 seizures in last 2 yrs-Std; Over 2 years or < 12seizures respectively-Preferred 
Felbamate ,Seizures ,Within 1 yr and > 12seizures in last yr-Graded; Within 2 yrs and >12 seizures in last 2 yrs-Std; Over 2 years or < 12seizures respectively-Preferred 
Felbatol ,Seizures ,Within 1 yr and > 12seizures in last yr-Graded; Within 2 yrs and >12 seizures in last 2 yrs-Std; Over 2 years or < 12seizures respectively-Preferred 
Femara ,Cancer ,Within 2 yrs-Decline Within 2 to 4 yrs-GradedOver 4 yrs-Preferred 
Firmagon ,Cancer ,Within 2 yrs-Decline Within 2 to 4 yrs-GradedOver 4 yrs-Preferred 
Flagyl ,Liver Disease ,Within 1 yr-Graded Within 2 yrs-Standard Over 2 yrs-Preferred 
Flecainide ,Arrhythmia/Irregular HeartRhythm ,"Within 2 yrs-Standard, Over2 yrs-Preferred "
Flexbumin ,Liver Disease ,Within 1 yr-Graded Within 2 yrs-Standard Over 2 yrs-Preferred 
Flovent ,"Chronic Obstructive Pulmonary Disease,Emphysema, Chronic Asthma,Black Lung, ChronicBronchitis, ChronicRespiratory Disease ",Standard 
Floxuridine ,Cancer ,Within 2 yrs-Decline Within 2 to 4 yrs-GradedOver 4 yrs-Preferred 
Fluorouracil ,Cancer ,Within 2 yrs-Decline Within 2 to 4 yrs-GradedOver 4 yrs-Preferred 
Flutamide ,Cancer ,"Within 2 yrs-Decline,Within 2 to 4 yrs-Graded,Over 4 yrs-Preferred "
Fluticasone ,"Chronic Obstructive Pulmonary Disease,Emphysema, Chronic Asthma,Black Lung, ChronicBronchitis, ChronicRespiratory Disease ",Standard 
Fluticasone Salmeterol ,"Chronic Obstructive Pulmonary Disease,Emphysema, Chronic Asthma, Black Lung, ChronicBronchitis, ChronicRespiratory Disease ",Standard 
Fomepizole ,Alcohol Abuse ,Within 1 yr-Graded Within 2 yrs-Standard Over 2 yrs-Preferred 
Foradil Aerolizer ,"Chronic Obstructive Pulmonary Disease,Emphysema, Chronic Asthma,Black Lung, ChronicBronchitis, ChronicRespiratory Disease ",Standard 
Formoterol Fumarate ,"Chronic Obstructive Pulmonary Disease,Emphysema, Chronic Asthma,Black Lung, ChronicBronchitis, ChronicRespiratory Disease ",Standard 
Fortamet ,Non-Insulin Diabetes/Type 2 ,"Preferred unless diagnosedprior to age 18, thenGraded "
Fosinopril ,Congestive HeartFailure/CHF ,Within 1 yr-Graded Within 2 yrs-Standard Over 2 yrs-Preferred if CHF resolved 
Fosphenytoin ,Seizures ,Within 1 yr and > 12seizures in last yr-Graded; Within 2 yrs and >12 seizures in last 2 yrs-Std; Over 2 years or < 12seizures respectively-Preferred 
Fragmin ,Angina/Chest Pain ,Based on date of diagnosis:Within 1 yr-Graded; Within 2 yrs-Standard; Over 2 years-Preferred 
Fragmin ,Heart Attack ,Date of Heart Attack: Within 1 yr-Graded Within 2 yrs-Standard Over 2 yrs-Preferred 
Fragmin ,Circulatory/VascularDisorder ,Within 2 yrs-Standard Over 2 yrs-Preferred 
Furosemide ,Cirrhosis ,Within 1 yr-Graded Within 2 yrs-Standard Over 2 yrs-Preferred 
Furosemide ,Congestive HeartFailure/CHF ,Within 1 yr-Graded Within 2 yrs-Standard Over 2 yrs-Preferred if CHF resolved 
Fusilev ,Cancer ,Within 2 yrs-Decline Within 2 to 4 yrs-GradedOver 4 yrs-Preferred 
Gabapentin ,Seizures ,Within 1 yr and > 12 seizures in last yr-Graded; Within 2 yrs and >12 seizures in last 2 yrs-Std; Over 2 years or < 12seizures respectively-Preferred 
Gabitril ,Seizures ,Within 1 yr and > 12seizures in last yr-Graded; Within 2 yrs and >12 seizures in last 2 yrs-Std; Over 2 years or < 12 seizures respectively-Preferred 
Galzin ,Liver Disease ,Within 1 yr-Graded Within 2 yrs-Standard Over 2 yrs-Preferred 
Gemcitabine ,Cancer ,Within 2 yrs-Decline Within 2 to 4 yrs-GradedOver 4 yrs-Preferred 
Gemzar ,Cancer ,Within 2 yrs-Decline Within 2 to 4 yrs-GradedOver 4 yrs-Preferred 
Generlac ,Liver Disease ,Within 1 yr-Graded Within 2 yrs-Standard Over 2 yrs-Preferred 
Gengraf ,Liver Disease ,Within 1 yr-Graded Within 2 yrs-Standard Over 2 yrs-Preferred 
Gilenya ,Multiple Sclerosis ,Standard 
Gleevec ,Cancer ,Within 2 yrs-Decline Within 2 to 4 yrs-GradedOver 4 yrs-Preferred 
Glimepiride ,Non-Insulin Diabetes/Type 2 ,"Preferred unless diagnosedprior to age 18, thenGraded "
Glipizide ,Non-Insulin Diabetes/Type 2 ,"Preferred unless diagnosedprior to age 18, thenGraded "
Glipizide-Metformin ,Non-Insulin Diabetes/Type 2 ,"Preferred unless diagnosedprior to age 18, thenGraded "
Glucophage ,Non-Insulin Diabetes/Type 2 ,"Preferred unless diagnosedprior to age 18, thenGraded "
Glucotrol ,Non-Insulin Diabetes/Type 2 ,"Preferred unless diagnosedprior to age 18, thenGraded "
Glucovance ,Non-Insulin Diabetes/Type 2 ,"Preferred unless diagnosedprior to age 18, thenGraded "
Glumetza ,Non-Insulin Diabetes/Type 2 ,"Preferred unless diagnosedprior to age 18, then Graded "
Glyburide ,Non-Insulin Diabetes/Type 2 ,"Preferred unless diagnosedprior to age 18, thenGraded "
Glyburide-Metformin ,Non-Insulin Diabetes/Type 2 ,"Preferred unless diagnosedprior to age 18, thenGraded "
Glynase ,Non-Insulin Diabetes/Type 2 ,"Preferred unless diagnosedprior to age 18, thenGraded "
Glyset ,Non-Insulin Diabetes/Type 2 ,"Preferred unless diagnosedprior to age 18, thenGraded "
Goserelin ,Cancer ,Within 2 yrs-Decline Within 2 to 4 yrs-GradedOver 4 yrs-Preferred 
Granisetron ,Cancer ,Within 2 yrs-Decline Within 2 to 4 yrs-GradedOver 4 yrs-Preferred 
Harvoni ,Hepatitis C ,"Within 1 yr-Graded, Within2 yrs-Standard, Over 2 yrs-Preferred if resolved "
Hecoria ,Liver Disease ,Within 1 yr-Graded Within 2 yrs-Standard Over 2 yrs-Preferred 
Hepsera ,Hepatitis B or C ,Within 1 yr-Graded Within 2 yrs-Standard Over 2 yrs-Preferred if resolved 
Herceptin ,Cancer ,Within 2 yrs-Decline Within 2 to 4 yrs-GradedOver 4 yrs-Preferred 
Hexalen ,Cancer ,Within 2 yrs-Decline Within 2 to 4 yrs-GradedOver 4 yrs-Preferred 
Histrelin ,Cancer ,Within 2 yrs-Decline Within 2 to 4 yrs-GradedOver 4 yrs-Preferred 
Horizant ,Seizures ,Within 1 yr and > 12seizures in last yr-Graded; Within 2 yrs and >12 seizures in last 2 yrs-Std; Over 2 years or < 12seizures respectively-Preferred 
Humalog ,Insulin DependentDiabetes/Type 1 ,Within 2 yrs-Std Over 2 yrs-Preferred 
Humulin ,Insulin DependentDiabetes/Type 1 ,Within 2 yrs-Std Over 2 yrs-Preferred 
Hycamtin ,Cancer ,Within 2 yrs-Decline Within 2 to 4 yrs-GradedOver 4 yrs-Preferred 
Hydrochlorothiazide ,Congestive HeartFailure/CHF ,Within 1 yr-Graded Within 2 yrs-Standard Over 2 yrs-Preferred if CHF resolved 
Hydroxyurea ,Cancer ,Within 2 yrs-Decline Within 2 to 4 yrs-GradedOver 4 yrs-Preferred 
Hydroxyzine ,Alcohol Abuse ,Within 1 yr-Graded Within 2 yrs-Standard Over 2 yrs-Preferred 
Ibrutinib ,Cancer ,"Within 2 yrs-Decline,Within 2 to 4 yrs-Graded,Over 4 yrs-Preferred "
Ifex ,Cancer ,Within 2 yrs-Decline Within 2 to 4 yrs-GradedOver 4 yrs-Preferred 
Ifosfamide ,Cancer ,Within 2 yrs-Decline Within 2 to 4 yrs-GradedOver 4 yrs-Preferred 
Ifosfamide-Mesna ,Cancer ,Within 2 yrs-Decline Within 2 to 4 yrs-GradedOver 4 yrs-Preferred 
Imatinib ,Cancer ,Within 2 yrs-Decline Within 2 to 4 yrs-GradedOver 4 yrs-Preferred 
Imbruvica ,Cancer ,"Within 2 yrs-Decline,Within 2 to 4 yrs-Graded,Over 4 yrs-Preferred "
Imdir ,Congestive HeartFailure/CHF ,Within 1 yr-Graded Within 2 yrs-Standard Over 2 yrs-Preferred if CHF resolved 
Imdur ,Angina/Chest Pain ,Based on date of diagnosis:Within 1 yr-Graded; Within 2 yrs-Standard; Over 2 years-Preferred 
Imdur ,Congestive HeartFailure/CHF ,Within 1 yr-Graded Within 2 yrs-Standard Over 2 yrs-Preferred if CHF resolved 
Imuran ,Liver Disease ,Within 1 yr-Graded Within 2 yrs-Standard Over 2 yrs-Preferred 
Imuran ,Hepatitis B or C ,Within 1 yr-Graded Within 2 yrs-Standard Over 2 yrs-Preferred if resolved 
Incivek ,Hepatitis B or C ,Within 1 yr-Graded Within 2 yrs-Standard Over 2 yrs-Preferred if resolved 
Inderal ,Angina/Chest Pain ,Based on date of diagnosis:Within 1 yr-Graded; Within 2 yrs-Standard; Over 2 years-Preferred 
Infergen ,Hepatitis B or C ,Within 1 yr-Graded Within 2 yrs-Standard Over 2 yrs-Preferred if resolved 
Inlyta ,Cancer ,Within 2 yrs-Decline Within 2 to 4 yrs-GradedOver 4 yrs-Preferred 
Inspra ,Congestive HeartFailure/CHF ,Within 1 yr-Graded Within 2 yrs-Standard Over 2 yrs-Preferred if CHF resolved 
Insulin Glargine ,Insulin Dependent Diabetes ,Within 2 yrs-Std Over 2 yrs-Preferred 
Insulin Glargine-Human Recombinant Analog ,Insulin DependentDiabetes/Type 1 ,"Within 2 yrs-Standard, Over2 yrs-Preferred"
Interferon ,Multiple Sclerosis ,Standard 
Interferon ,Hepatitis B or C ,Within 1 yr-Graded Within 2 yrs-Standard Over 2 yrs-Preferred if resolved 
Interferon Alpha-2b ,Cancer ,Within 2 yrs-Decline Within 2 to 4 yrs-GradedOver 4 yrs-Preferred 
Intron ,Hepatitis B or C ,Within 1 yr-Graded Within 2 yrs-Standard Over 2 yrs-Preferred if resolved 
Intron ,Cancer ,Within 2 yrs-Decline Within 2 to 4 yrs-GradedOver 4 yrs-Preferred 
Ipratropium Albuterol ,"Chronic Obstructive Pulmonary Disease,Emphysema, Chronic Asthma,Black Lung, ChronicBronchitis, ChronicRespiratory Disease ",Standard 
Ipratropium Bromide ,"Chronic Obstructive Pulmonary Disease,Emphysema, Chronic Asthma,Black Lung, ChronicBronchitis, ChronicRespiratory Disease ",Standard 
Irbesartan ,Congestive HeartFailure/CHF ,Within 1 yr-Graded Within 2 yrs-Standard Over 2 yrs-Preferred if CHF resolved 
Irinotecan ,Cancer ,Within 2 yrs-Decline Within 2 to 4 yrs-GradedOver 4 yrs-Preferred 
Isordil ,Angina/Chest Pain ,Based on date of diagnosis:Within 1 yr-Graded; Within 2 yrs-Standard; Over 2 years-Preferred 
Isosorbide Dinitrate ,Angina/Chest Pain ,Based on date of diagnosis:Within 1 yr-Graded; Within 2 yrs-Standard; Over 2 years-Preferred 
Isosorbide Dinitrate ,Congestive HeartFailure/CHF ,Within 1 yr-Graded Within 2 yrs-Standard Over 2 yrs-Preferred if CHF resolved 
Isosorbide Mononitrate ,Angina/Chest Pain ,Based on date of diagnosis:Within 1 yr-Graded; Within 2 yrs-Standard; Over 2 years-Preferred 
Isosorbide Mononitrate ,Congestive HeartFailure/CHF ,Within 1 yr-Graded Within 2 yrs-Standard Over 2 yrs-Preferred if CHF resolved 
Isosxsuprine ,Circulatory/VascularDisorder ,Within 2 yrs-Standard Over 2 yrs-Preferred 
Jantoven ,Stroke/CVA ,Date of Stroke: Within 1 yr-Graded; Within 2 yrs-Standard; Over 2 yrs-Preferred 
Janumet ,Non-Insulin Diabetes/Type 2 ,"Preferred unless diagnosedprior to age 18, thenGraded "
Januvia ,Non-Insulin Diabetes/Type 2 ,"Preferred unless diagnosedprior to age 18, thenGraded "
Jentadueto ,Non-Insulin Diabetes/Type 2 ,"Preferred unless diagnosedprior to age 18, thenGraded "
Juvisunc ,Non-Insulin Diabetes/Type 2 ,"Preferred unless diagnosedprior to age 18, thenGraded "
Kedbumin ,Liver Disease ,Within 1 yr-Graded Within 2 yrs-Standard Over 2 yrs-Preferred 
Kenalog ,Multiple Sclerosis ,Standard 
Keppra ,Seizures ,Within 1 yr and > 12seizures in last yr-Graded; Within 2 yrs and >12 seizures in last 2 yrs-Std; Over 2 years or < 12seizures respectively-Preferred 
Ketoconazole ,Cancer ,Within 2 yrs-Decline Within 2 to 4 yrs-GradedOver 4 yrs-Preferred 
Klonopin ,Seizures ,Within 1 yr and > 12seizures in last yr-Graded; Within 2 yrs and >12 seizures in last 2 yrs-Std; Over 2 years or < 12seizures respectively-Preferred 
Kombiglyze ,Non-Insulin Diabetes/Type 2 ,"Preferred unless diagnosedprior to age 18, thenGraded "
Kristalose ,Liver Disease ,Within 1 yr-Graded Within 2 yrs-Standard Over 2 yrs-Preferred 
Labetalol ,Angina/Chest Pain ,Based on date of diagnosis:Within 1 yr-Graded; Within 2 yrs-Standard; Over 2 years-Preferred 
Lacosamide ,Seizures ,Within 1 yr and > 12 seizures in last yr-Graded; Within 2 yrs and >12 seizures in last 2 yrs-Std; Over 2 years or < 12seizures respectively-Preferred 
Lactulose ,Liver Disease ,Within 1 yr-Graded Within 2 yrs-Standard Over 2 yrs-Preferred 
Lamictal ,Seizures ,Within 1 yr and > 12seizures in last yr-Graded; Within 2 yrs and >12 seizures in last 2 yrs-Std; Over 2 years or < 12seizures respectively-Preferred 
Lamivudine ,Hepatitis B or C ,Within 1 yr-Graded Within 2 yrs-Standard Over 2 yrs-Preferred if resolved 
Lamotrigine ,Seizures ,Within 1 yr and > 12seizures in last yr-Graded; Within 2 yrs and >12 seizures in last 2 yrs-Std; Over 2 years or < 12seizures respectively-Preferred 
Lanoxin ,Congestive HeartFailure/CHF ,Within 1 yr-Graded Within 2 yrs-Standard Over 2 yrs-Preferred if CHF resolved 
Lanoxin ,Arrhythmia/Irregular HeartRhythm ,Within 2 yrs-Standard Over 2 yrs-Preferred 
Lantus ,Insulin DependentDiabetes/Type 1 ,Within 2 yrs-Std Over 2 yrs-Preferred 
Lapatinib ,Cancer ,Within 2 yrs-Decline Within 2 to 4 yrs-GradedOver 4 yrs-Preferred 
Lasix ,Cirrhosis ,Within 1 yr-Graded Within 2 yrs-Standard Over 2 yrs-Preferred 
Lasix ,Congestive HeartFailure/CHF ,Within 1 yr-Graded Within 2 yrs-Standard Over 2 yrs-Preferred if CHF resolved 
Ledipasvir-Sofosbuvir ,Hepatits C ,"Within 1 yr-Graded, Within2 yrs-Standard, Over 2 yrs-Preferred if resolved "
Lenalidomide ,Cancer ,Within 2 yrs-Decline Within 2 to 4 yrs-GradedOver 4 yrs-Preferred 
Letrozole ,Cancer ,Within 2 yrs-Decline Within 2 to 4 yrs-GradedOver 4 yrs-Preferred 
Leucovorine ,Cancer ,Within 2 yrs-Decline Within 2 to 4 yrs-GradedOver 4 yrs-Preferred 
Leukeran ,Cancer ,Within 2 yrs-Decline Within 2 to 4 yrs-GradedOver 4 yrs-Preferred 
Leukeran ,Kidney/Renal Disease ,Within 4 yrs-Std Over 4 yrs-Preferred On Dialysis-Graded 
Leukine ,Cancer ,Within 2 yrs-Decline Within 2 to 4 yrs-GradedOver 4 yrs-Preferred 
Leuprolide ,Cancer ,Within 2 yrs-Decline Within 2 to 4 yrs-GradedOver 4 yrs-Preferred 
Levemir ,Insulin DependentDiabetes/Type 1 ,Within 2 yrs-Std Over 2 yrs-Preferred 
Levetiracetam ,Seizures ,Within 1 yr and > 12seizures in last yr-Graded; Within 2 yrs and >12 seizures in last 2 yrs-Std; Over 2 years or < 12 seizures respectively-Preferred 
Levolecucovorin Calcium ,Cancer ,Within 2 yrs-Decline Within 2 to 4 yrs-GradedOver 4 yrs-Preferred 
Linagliptin ,Non-Insulin Diabetes/Type 2 ,"Preferred unless diagnosedprior to age 18, thenGraded "
Linagliptin-Metformin ,Non-Insulin Diabetes/Type 2 ,"Preferred unless diagnosedprior to age 18, thenGraded "
Lipodox ,Cancer ,Within 2 yrs-Decline Within 2 to 4 yrs-GradedOver 4 yrs-Preferred 
Lipraglutide ,Non-Insulin Diabetes/Type 2 ,"Preferred unless diagnosedprior to age 18, thenGraded "
Lisinopril ,Heart Attack ,Date of Heart Attack: Within 1 yr-Graded Within 2 yrs-Standard > 2 yrs-Preferred 
Lisinopril ,Congestive HeartFailure/CHF ,Within 1 yr-Graded Within 2 yrs-Standard Over 2 yrs-Preferred if CHF resolved 
Lopressor ,Angina/Chest Pain ,Based on date of diagnosis:Within 1 yr-Graded; Within 2 yrs-Standard; Over 2 years-Preferred 
Lopressor ,Heart Attack ,Date of Heart Attack: Within 1 yr-Graded Within 2 yrs-Standard > 2 yrs-Preferred 
Lopressor ,Congestive HeartFailure/CHF ,Within 1 yr-Graded Within 2 yrs-Standard Over 2 yrs-Preferred if CHF resolved 
Lorazepam ,Alcohol Abuse ,Within 1 yr-Graded Within 2 yrs-Standard Over 2 yrs-Preferred 
Lorazepam Intensol ,Alcohol Abuse ,Within 1 yr-Graded Within 2 yrs-Standard Over 2 yrs-Preferred 
Losartan ,Congestive HeartFailure/CHF ,Within 1 yr-Graded Within 2 yrs-Standard Over 2 yrs-Preferred if CHF resolved 
Lotensin ,Congestive HeartFailure/CHF ,Within 1 yr-Graded Within 2 yrs-Standard Over 2 yrs-Preferred if CHF resolved 
Lovenox ,Angina/Chest Pain ,Based on date of diagnosis:Within 1 yr-Graded; Within 2 yrs-Standard; Over 2 years-Preferred 
Lovenox ,Heart Attack ,Date of Heart Attack: Within 1 yr-Graded Within 2 yrs-Standard > 2 yrs-Preferred 
Lupron Depot ,Cancer ,Within 2 yrs-Decline Within 2 to 4 yrs-GradedOver 4 yrs-Preferred 
Lyrica ,Seizures ,Within 1 yr and > 12seizures in last yr-Graded; Within 2 yrs and > 12 seizures in last 2 yrs-Std; Over 2 years or < 12seizures respectively-Preferred 
Lysodren ,Cancer ,Within 2 yrs-Decline Within 2 to 4 yrs-GradedOver 4 yrs-Preferred 
Lysodren ,Kidney/Renal Disease ,Within 4 yrs-Std Over 4 yrs-PreferredOn Dialysis-Graded 
Magestrol ,Cancer ,Within 2 yrs-Decline Within 2 to 4 yrs-GradedOver 4 yrs-Preferred 
Makena ,Cancer ,Within 2 yrs-Decline Within 2 to 4 yrs-GradedOver 4 yrs-Preferred 
Matulane ,Cancer ,Within 2 yrs-Decline Within 2 to 4 yrs-GradedOver 4 yrs-Preferred 
Mavik ,Congestive HeartFailure/CHF ,Within 1 yr-Graded Within 2 yrs-Standard Over 2 yrs-Preferred if CHF resolved 
Maxair ,"Chronic Obstructive Pulmonary Disease,Emphysema, Chronic Asthma,Black Lung, Chronic Bronchitis, ChronicRespiratory Disease ",Standard 
Mechlorethamine ,Cancer ,Within 2 yrs-Decline Within 2 to 4 yrs-GradedOver 4 yrs-Preferred 
Medrol ,Multiple Sclerosis ,Standard 
Medrol ,Hepatitis B or C ,Within 1 yr-Graded Within 2 yrs-Standard Over 2 yrs-Preferred if resolved 
Medroxyprogesterone ,Cancer ,Within 2 yrs-Decline Within 2 to 4 yrs-GradedOver 4 yrs-Preferred 
Megace ,Cancer ,Within 2 yrs-Decline Within 2 to 4 yrs-GradedOver 4 yrs-Preferred 
Megestrol ,Cancer ,Within 2 yrs-Decline Within 2 to 4 yrs-GradedOver 4 yrs-Preferred 
Melphalan ,Cancer ,Within 2 yrs-Decline Within 2 to 4 yrs-GradedOver 4 yrs-Preferred 
Menest ,Cancer ,Within 2 yrs-Decline Within 2 to 4 yrs-GradedOver 4 yrs-Preferred 
Mercaptopurine ,Cancer ,Within 2 yrs-Decline Within 2 to 4 yrs-GradedOver 4 yrs-Preferred 
Metformin ,Non-Insulin Diabetes/Type 2 ,"Preferred unless diagnosedprior to age 18, thenGraded "
Methadone ,Drug Abuse ,Within 1 yr-Graded Within 2 yrs-Standard Over 2 yrs-Preferred 
Methitest ,Cancer ,Within 2 yrs-Decline Within 2 to 4 yrs-GradedOver 4 yrs-Preferred 
Methotrexate ,Cancer ,Within 2 yrs-Decline Within 2 to 4 yrs-GradedOver 4 yrs-Preferred 
Methsuximide ,Seizures ,Within 1 yr and > 12seizures in last yr-Graded; Within 2 yrs and > 12 seizures in last 2 yrs-Std; Over 2 years or < 12seizures respectively-Preferred 
Methylprednisolone ,Multiple Sclerosis ,Standard 
Methylprednisolone ,Hepatitis B or C ,Within 1 yr-Graded Within 2 yrs-Standard Over 2 yrs-Preferred if resolved 
Methyltestosterone ,Cancer ,Within 2 yrs-Decline Within 2 to 4 yrs-GradedOver 4 yrs-Preferred 
Metolazone ,Congestive HeartFailure/CHF ,Within 1 yr-Graded Within 2 yrs-Standard Over 2 yrs-Preferred if CHF resolved 
Metolazone ,Kidney/Renal Disease ,Within 4 yrs-Std Over 4 yrs-PreferredOn Dialysis-Graded 
Metoprolol Succinate ,Angina/Chest Pain ,Based on date of diagnosis:Within 1 yr-Graded; Within 2 yrs-Standard; Over 2 years-Preferred 
Metoprolol Succinate ,Congestive Heart Failure/CHF ,Within 1 yr-Graded Within 2 yrs-Standard Over 2 yrs-Preferred if CHF resolved 
Metoprolol Tartrate ,Angina/Chest Pain ,Based on date of diagnosis:Within 1 yr-Graded; Within 2 yrs-Standard; Over 2 years-Preferred 
Metoprolol Tartrate ,Heart Attack ,Date of Heart Attack: Within 1 yr-Graded Within 2 yrs-Standard > 2 yrs-Preferred 
Metoprolol Tartrate ,Congestive HeartFailure/CHF ,Within 1 yr-Graded Within 2 yrs-Standard Over 2 yrs-Preferred if CHF resolved 
Metronidazole ,Liver Disease ,Within 1 yr-Graded Within 2 yrs-Standard Over 2 yrs-Preferred 
Mexiletine ,Arrhythmia/Irregular HeartRhythm ,Within 2 yrs-Standard Over 2 yrs-Preferred 
Micardis ,Congestive HeartFailure/CHF ,Within 1 yr-Graded Within 2 yrs-Standard Over 2 yrs-Preferred if CHF resolved 
Microzide ,Congestive HeartFailure/CHF ,Within 1 yr-Graded Within 2 yrs-Standard Over 2 yrs-Preferred if CHF resolved 
Miglitol ,Non-Insulin Diabetes/Type 2 ,"Preferred unless diagnosedprior to age 18, thenGraded "
Milrinone ,Congestive HeartFailure/CHF ,Within 1 yr-Graded Within 2 yrs-Standard Over 2 yrs-Preferred if CHF resolved 
Mirapex ,Parkinson's Disease ,Standard 
Mitomycin ,Cancer ,Within 2 yrs-Decline Within 2 to 4 yrs-GradedOver 4 yrs-Preferred 
Mitotane ,Cancer ,Within 2 yrs-Decline Within 2 to 4 yrs-GradedOver 4 yrs-Preferred 
Mitotane ,Kidney/Renal Disease ,Within 4 yrs-Std Over 4 yrs-PreferredOn Dialysis-Graded 
Mometasone ,"Chronic Obstructive Pulmonary Disease,Emphysema, Chronic Asthma,Black Lung, ChronicBronchitis, ChronicRespiratory Disease ",Standard 
Montelukast ,"Chronic Obstructive Pulmonary Disease,Emphysema, Chronic Asthma,Black Lung, ChronicBronchitis, ChronicRespiratory Disease ",Standard 
Multaq ,Arrhythmia ,Within 2 yrs-Standard Over 2 yrs-Preferred 
Mustargen ,Cancer ,Within 2 yrs-Decline Within 2 to 4 yrs-GradedOver 4 yrs-Preferred 
Mysoline ,Seizures ,Within 1 yr and > 12seizures in last yr-Graded; Within 2 yrs and >12 seizures in last 2 yrs-Std; Over 2 years or < 12seizures respectively-Preferred 
Nadolol ,Angina/Chest Pain ,Based on date of diagnosis:Within 1 yr-Graded; Within 2 yrs-Standard; Over 2 years-Preferred 
Naltrexone ,Alcohol Abuse ,Within 1 yr-Graded Within 2 yrs-Standard Over 2 yrs-Preferred 
Naltrexone ,Drug Abuse ,Within 1 yr-Graded Within 2 yrs-Standard Over 2 yrs-Preferred 
Naltrexone Microspheres ,Alcohol Abuse ,Within 1 yr-Graded Within 2 yrs-Standard Over 2 yrs-Preferred 
Naltrexone Microspheres ,Drug Abuse ,Within 1 yr-Graded Within 2 yrs-Standard Over 2 yrs-Preferred 
Nateglinide ,Non-Insulin Diabetes/Type 2 ,"Preferred unless diagnosedprior to age 18, thenGraded "
Natrecor ,Congestive HeartFailure/CHF ,Within 1 yr-Graded Within 2 yrs-Standard Over 2 yrs-Preferred if CHF resolved 
Nebivolol ,Congestive HeartFailure/CHF ,Within 1 yr-Graded Within 2 yrs-Standard Over 2 yrs-Preferred if CHF resolved 
Neo-Fradin ,Liver Disease ,Within 1 yr-Graded Within 2 yrs-Standard Over 2 yrs-Preferred 
Neomycin ,Liver Disease ,Within 1 yr-Graded Within 2 yrs-Standard Over 2 yrs-Preferred 
Neoral ,Liver Disease ,Within 1 yr-Graded Within 2 yrs-Standard Over 2 yrs-Preferred 
Nephrocaps ,Kidney/Renal Disease ,Within 4 yrs-Std Over 4 yrs-Preferred On Dialysis-Graded 
Nesiritide ,Congestive Heart Failure/CHF ,Within 1 yr-Graded Within 2 yrs-Standard Over 2 yrs-Preferred if CHF resolved 
Neupro ,Parkinson's Disease ,Standard 
Neurontin ,Seizures ,Within 1 yr and > 12seizures in last yr-Graded; Within 2 yrs and >12 seizures in last 2 yrs-Std; Over 2 years or < 12seizures respectively-Preferred 
Nexavar ,Cancer ,Within 2 yrs-Decline Within 2 to 4 yrs-GradedOver 4 yrs-Preferred 
Nicoderm ,Smoking Cessation ,Within 1 yr-Tobacco rates 
Nicorette ,Smoking Cessation ,Within 1 yr-Tobacco rates 
Nicotine ,Smoking Cessation ,Within 1 yr-Tobacco rates 
Nicotrol ,Smoking Cessation ,Within 1 yr-Tobacco rates 
Nifediac ,Angina/Chest Pain ,Based on date of diagnosis:Within 1 yr-Graded; Within 2 yrs-Standard; Over 2 years-Preferred 
Nifedical ,Angina/Chest Pain ,Based on date of diagnosis:Within 1 yr-Graded; Within 2 yrs-Standard; Over 2 years-Preferred 
Nifedipine ,Angina/Chest Pain ,Based on date of diagnosis:Within 1 yr-Graded; Within 2 yrs-Standard; Over 2 years-Preferred 
Nilandron ,Cancer ,Within 2 yrs-Decline Within 2 to 4 yrs-GradedOver 4 yrs-Preferred 
Nilutamide ,Cancer ,Within 2 yrs-Decline Within 2 to 4 yrs-GradedOver 4 yrs-Preferred 
Nitro-Bid ,Angina/Chest Pain ,Based on date of diagnosis:Within 1 yr-Graded; Within 2 yrs-Standard; Over 2 years-Preferred 
Nitroglycerine ,Angina/Chest Pain ,Based on date of diagnosis:Within 1 yr-Graded; Within 2 yrs-Standard; Over 2 years-Preferred 
Nitroglycerine ,Congestive HeartFailure/CHF ,Within 1 yr-Graded Within 2 yrs-Standard Over 2 yrs-Preferred if CHF resolved 
Nitrolingual ,Angina/Chest Pain ,Based on date of diagnosis:Within 1 yr-Graded; Within 2 yrs-Standard; Over 2 years-Preferred 
Nitropress ,Congestive HeartFailure/CHF ,Within 1 yr-Graded Within 2 yrs-Standard Over 2 yrs-Preferred if CHF resolved 
Nitrostat ,Angina/Chest Pain ,Based on date of diagnosis:Within 1 yr-Graded; Within 2 yrs-Standard; Over 2 years-Preferred 
Norpace ,Arrhythmia/Irregular HeartRhythm ,Within 2 yrs-Standard Over 2 yrs-Preferred 
Norvasc ,Angina/Chest Pain ,Based on date of diagnosis:Within 1 yr-Graded; Within 2 yrs-Standard; Over 2 years-Preferred 
Novolin ,Insulin DependentDiabetes/Type 1 ,Within 2 yrs-Std Over 2 yrs-Preferred 
Novolog ,Insulin DependentDiabetes/Type 1 ,Within 2 yrs-Std Over 2 yrs-Preferred 
Olysio ,Hepatitis B or C ,Within 1 yr-Graded Within 2 yrs-Standard Over 2 yrs-Preferred if resolved 
Onglyza ,Non-Insulin Diabetes/Type 2 ,"Preferred unless diagnosedprior to age 18, thenGraded "
Onxol ,Cancer ,Within 2 yrs-Decline Within 2 to 4 yrs-GradedOver 4 yrs-Preferred 
Oxaliplatin ,Cancer ,Within 2 yrs-Decline Within 2 to 4 yrs-GradedOver 4 yrs-Preferred 
Oxazepam ,Alcohol Abuse ,Within 1 yr-Graded Within 2 yrs-Standard Over 2 yrs-Preferred 
Oxcarbazepine ,Seizures ,Within 1 yr and > 12seizures in last yr-Graded; Within 2 yrs and >12 seizures in last 2 yrs-Std; Over 2 years or < 12seizures respectively-Preferred 
Oxygen ,RespiratoryDisease/Disorder ,Within 1 yr-Graded 
Pacerone ,Arrhythmia ,Within 2 yrs-Standard Over 2 yrs-Preferred 
Pamidronate ,Cancer ,Within 2 yrs-Decline Within 2 to 4 yrs-GradedOver 4 yrs-Preferred 
Papaverine ,Circulatory/VascularDisorder ,Within 2 yrs-Standard Over 2 yrs-Preferred 
Paricalcitol ,Kidney/Renal Disease ,Within 4 yrs-Std Over 4 yrs-Preferred On Dialysis-Graded 
Parlodel ,Non-Insulin Diabetes/Type 2 ,"Preferred unless diagnosedprior to age 18, thenGraded "
Parlodel ,Parkinson's Disease ,Standard 
Paromomycin ,Liver Disease ,Within 1 yr-Graded Within 2 yrs-Standard Over 2 yrs-Preferred 
Pazopanib ,Cancer ,Within 2 yrs-Decline Within 2 to 4 yrs-GradedOver 4 yrs-Preferred 
Peganone ,Seizures ,Within 1 yr and > 12seizures in last yr-Graded; Within 2 yrs and >12 seizures in last 2 yrs-Std; Over 2 years or < 12seizures respectively-Preferred 
Pegasys ,Hepatitis B or C ,Within 1 yr-Graded Within 2 yrs-Standard Over 2 yrs-Preferred if resolved 
Peginterferon ,Hepatitis B or C ,Within 1 yr-Graded Within 2 yrs-Standard Over 2 yrs-Preferred if resolved 
Pemetrexed ,Cancer ,Within 2 yrs-Decline Within 2 to 4 yrs-GradedOver 4 yrs-Preferred 
Pentoxifylline ,Circulatory/VascularDisorder ,Within 2 yrs-Standard Over 2 yrs-Preferred 
Perforomist ,"Chronic Obstructive Pulmonary Disease,Emphysema, Chronic Asthma,Black Lung, ChronicBronchitis, ChronicRespiratory Disease ",Standard 
Perindopril Erbumine ,Congestive HeartFailure/CHF ,Within 1 yr-Graded Within 2 yrs-Standard Over 2 yrs-Preferred if CHF resolved 
Phenobarbital ,Seizures ,Within 1 yr and > 12seizures in last yr-Graded; Within 2 yrs and >12 seizures in last 2 yrs-Std; Over 2 years or < 12seizures respectively-Preferred
Phenytek ,Seizures ,Within 1 yr and > 12seizures in last yr-Graded; Within 2 yrs and >12 seizures in last 2 yrs-Std; Over 2 years or < 12 seizures respectively-Preferred 
Phenytoin ,Seizures ,Within 1 yr and > 12seizures in last yr-Graded; Within 2 yrs and >12 seizures in last 2 yrs-Std; Over 2 years or < 12seizures respectively-Preferred 
Phenytoin Sodium ,Seizures ,Within 1 yr and > 12seizures in last yr-Graded; Within 2 yrs and >12 seizures in last 2 yrs-Std; Over 2 years or < 12seizures respectively-Preferred 
PhosLo ,Kidney/Renal Disease ,Within 4 yrs-Std Over 4 yrs-Preferred On Dialysis-Graded 
Phoslyra ,Kidney/Renal Disease ,Within 4 yrs-Std Over 4 yrs-Preferred On Dialysis-Graded 
Photofrin ,Cancer ,Within 2 yrs-Decline Within 2 to 4 yrs-GradedOver 4 yrs-Preferred 
Pioglitazone ,Non-Insulin Diabetes/Type 2 ,"Preferred unless diagnosedprior to age 18, thenGraded "
Pioglitazone-Glimepiride ,Non-Insulin Diabetes/Type 2 ,"Preferred unless diagnosedprior to age 18, thenGraded "
Pioglitazone-Metformin ,Non-Insulin Diabetes/Type 2 ,"Preferred unless diagnosedprior to age 18, thenGraded "
Plasbumin ,Liver Disease ,Within 1 yr-Graded Within 2 yrs-Standard Over 2 yrs-Preferred 
Plavix ,Angina/Chest Pain ,Based on date of diagnosis:Within 1 yr-Graded; Within 2 yrs-Standard; Over 2 years-Preferred 
Plavix ,Heart Attack ,Date of Heart Attack: Within 1 yr-Graded Within 2 yrs-Standard > 2 yrs-Preferred 
Plavix ,Stroke/CVA ,Date of Stroke: Within 1 yr-Graded; Within 2 yrs-Standard; Over 2 yrs-Preferred 
Pletal ,Congestive HeartFailure/CHF ,Within 1 yr-Graded Within 2 yrs-Standard Over 2 yrs-Preferred if CHF resolved 
Pletal ,Circulatory/VascularDisorder ,Within 2 yrs-Standard Over 2 yrs-Preferred 
Porfimer ,Cancer ,Within 2 yrs-Decline Within 2 to 4 yrs-GradedOver 4 yrs-Preferred 
Potiga ,Seizures ,Within 1 yr and > 12seizures in last yr-Graded; Within 2 yrs and > 12 seizures in last 2 yrs-Std; Over 2 years or < 12seizures respectively-Preferred 
Pradaxa ,Arrhythmia ,Within 2 yrs-Standard Over 2 yrs-Preferred 
Pradaxa ,Circulatory/VascularDisorder ,Within 2 yrs-Standard Over 2 yrs-Preferred 
Pramipexole ,Parkinson's Disease ,Standard 
Pramlintide ,Insulin DependentDiabetes/Type 2 ,Within 2 yrs-Std Over 2 yrs-Preferred 
Prandimet ,Non-Insulin Diabetes/Type 2 ,"Preferred unless diagnosedprior to age 18, thenGraded "
Prandin ,Non-Insulin Diabetes/Type 2 ,"Preferred unless diagnosedprior to age 18, thenGraded "
Praziquantel ,Liver Disease ,Within 1 yr-Graded Within 2 yrs-Standard Over 2 yrs-Preferred 
Precose ,Non-Insulin Diabetes/Type 2 ,"Preferred unless diagnosedprior to age 18, thenGraded "
Pregabalin ,Seizures ,Within 1 yr and > 12seizures in last yr-Graded; Within 2 yrs and >12 seizures in last 2 yrs-Std; Over 2 years or < 12seizures respectively-Preferred 
Premarin ,Cancer ,Within 2 yrs-Decline Within 2 to 4 yrs-GradedOver 4 yrs-Preferred 
Primidone ,Seizures ,Within 1 yr and > 12seizures in last yr-Graded; Within 2 yrs and >12 seizures in last 2 yrs-Std; Over 2 years or < 12seizures respectively-Preferred 
Prinivil ,Heart Attack ,Date of Heart Attack: Within 1 yr-Graded Within 2 yrs-Standard > 2 yrs-Preferred 
Prinivil ,Congestive Heart Failure/CHF ,Within 1 yr-Graded Within 2 yrs-Standard Over 2 yrs-Preferred if CHF resolved 
ProAir ,"Chronic Obstructive Pulmonary Disease,Emphysema, Chronic Asthma,Black Lung, ChronicBronchitis, ChronicRespiratory Disease ",Standard 
Procarbazine ,Cancer ,Within 2 yrs-Decline Within 2 to 4 yrs-GradedOver 4 yrs-Preferred 
Procardia ,Angina/Chest Pain ,Based on date of diagnosis:Within 1 yr-Graded; Within 2 yrs-Standard; Over 2 years-Preferred 
Procardia ,Angina/Chest Pain ,Based on date of diagnosis:Within 1 yr-Graded; Within 2 yrs-Standard; Over 2 years-Preferred 
Procrit ,Cancer ,Within 2 yrs-Decline Within 2 to 4 yrs-GradedOver 4 yrs-Preferred 
Procrit ,Circulatory/VascularDisorder ,Within 2 yrs-Standard Over 2 yrs-Preferred 
Procrit ,Kidney/Renal Disease ,Within 4 yrs-Std Over 4 yrs-Preferred On Dialysis-Graded 
Prograf ,Liver Disease ,Within 1 yr-Graded Within 2 yrs-Standard Over 2 yrs-Preferred 
Propafenone ,Arrhythmia ,Within 2 yrs-Standard Over 2 yrs-Preferred 
Propranolol ,Angina/Chest Pain ,Based on date of diagnosis:Within 1 yr-Graded; Within 2 yrs-Standard; Over 2 years-Preferred 
Proventil ,"Chronic Obstructive Pulmonary Disease,Emphysema, Chronic Asthma,Black Lung, ChronicBronchitis, Chronic Respiratory Disease ",Standard 
Pulmicort ,"Chronic Obstructive Pulmonary Disease,Emphysema, Chronic Asthma,Black Lung, ChronicBronchitis, ChronicRespiratory Disease ",Standard 
Quinapril ,Congestive HeartFailure/CHF ,Within 1 yr-Graded Within 2 yrs-Standard Over 2 yrs-Preferred if CHF resolved 
Quinidine ,Arrhythmia ,Within 2 yrs-Standard Over 2 yrs-Preferred 
Qvar ,"Chronic Obstructive Pulmonary Disease,Emphysema, Chronic Asthma,Black Lung, Chronic Bronchitis, Chronic Respiratory Disease ",Standard
Ramipril ,Congestive HeartFailure/CHF ,Within 1 yr-Graded Within 2 yrs-Standard Over 2 yrs-Preferred if CHF resolved 
Renagel ,Kidney/Renal Disease ,Within 4 yrs-Std Over 4 yrs-PreferredOn Dialysis-Graded 
Ranexa ,Angina/Chest Pain ,Based on date of diagnosis:Within 1 yr-Graded; Within 2 yrs-Standard; Over 2 years-Preferred 
Rebif ,Multiple Sclerosis ,Standard 
Reclast ,Cancer ,Within 2 yrs-Decline Within 2 to 4 yrs-GradedOver 4 yrs-Preferred 
Renagel ,Kidney/Renal Disease ,Within 4 yrs-Std Over 4 yrs-Preferred On Dialysis-Graded 
Renvela ,Kidney/Renal Disease ,Within 4 yrs-Std Over 4 yrs-PreferredOn Dialysis-Graded 
Repaglinide ,Non-Insulin Diabetes/Type 2 ,"Preferred unless diagnosedprior to age 18, thenGraded "
Repaglinide-Metformin ,Non-Insulin Diabetes/Type 2 ,"Preferred unless diagnosedprior to age 18, thenGraded "
Requip ,Parkinson's Disease ,Standard 
Revia ,Alcohol Abuse ,Within 1 yr-Graded Within 2 yrs-Standard Over 2 yrs-Preferred 
Revia ,Drug Abuse ,Within 1 yr-Graded Within 2 yrs-Standard Over 2 yrs-Preferred 
Revlimid ,Cancer ,Within 2 yrs-Decline Within 2 to 4 yrs-GradedOver 4 yrs-Preferred 
Revonto ,Muscular Dystrophy ,Within 1 yr-Graded Over 1 yr-Preferred 
Rheumatrex ,Cancer ,Within 2 yrs-Decline Within 2 to 4 yrs-GradedOver 4 yrs-Preferred 
Ribapak ,Hepatitis B or C ,Within 1 yr-Graded Within 2 yrs-Standard Over 2 yrs-Preferred if resolved 
Ribasphere ,Hepatitis B or C ,Within 1 yr-Graded Within 2 yrs-Standard Over 2 yrs-Preferred if resolved 
Ribavirin ,Hepatitis B or C ,Within 1 yr-Graded Within 2 yrs-Standard Over 2 yrs-Preferred if resolved 
Rifaximin ,Liver Disease ,Within 1 yr-Graded Within 2 yrs-Standard Over 2 yrs-Preferred 
Riomet ,Non-Insulin Diabetes/Type 2 ,"Preferred unless diagnosed prior to age 18, then Graded "
Rituxan ,Multiple Sclerosis ,Standard 
Rituximab ,Multiple Sclerosis ,Standard 
Rivaroxaban ,Arrhythmia ,Within 2 yrs-Standard Over 2 yrs-Preferred 
Rocaltrol ,Kidney/Renal Disease ,Within 4 yrs-Std Over 4 yrs-PreferredOn Dialysis-Graded 
Roflumilast ,"Chronic Obstructive Pulmonary Disease,Emphysema, Chronic Asthma,Black Lung, ChronicBronchitis, ChronicRespiratory Disease ",Standard 
Ropinirole ,Parkinson's Disease ,Standard 
Rufinamide ,Seizures ,Within 1 yr and > 12seizures in last yr-Graded; Within 2 yrs and >12 seizures in last 2 yrs-Std; Over 2 years or < 12seizures respectively-Preferred 
Rythmol ,Arrhythmia ,Within 2 yrs-Standard Over 2 yrs-Preferred 
Sabril ,Seizures ,Within 1 yr and > 12 seizures in last yr-Graded; Within 2 yrs and >12 seizures in last 2 yrs-Std; Over 2 years or < 12seizures respectively-Preferred 
Salagen ,Heart Attack ,Date of Heart Attack: Within 1 yr-Graded Within 2 yrs-Standard > 2 yrs-Preferred 
Salagen ,Stroke/CVA ,Date of Stroke: Within 1 yr-Graded; Within 2 yrs-Standard; Over 2 yrs-Preferred 
Saxagliptin ,Non-Insulin Diabetes/Type 2 ,"Preferred unless diagnosedprior to age 18, thenGraded "
Saxagliptin-Metformin ,Non-Insulin Diabetes/Type 2 ,"Preferred unless diagnosedprior to age 18, thenGraded "
Sensipar ,Cancer ,Within 2 yrs-Decline Within 2 to 4 yrs-GradedOver 4 yrs-Preferred 
Sensipar ,Kidney/Renal Disease ,Within 4 yrs-Std Over 4 yrs-PreferredOn Dialysis-Graded 
Serevent ,"Chronic Obstructive Pulmonary Disease,Emphysema, Chronic Asthma,Black Lung, Chronic Bronchitis, Chronic Respiratory Disease ",Standard 
Sevelamer ,Kidney/Renal Disease ,Within 4 yrs-Std Over 4 yrs-PreferredOn Dialysis-Graded 
Sinemet ,Parkinson's Disease ,Standard 
Sitagliptin ,Non-Insulin Diabetes/Type 2 ,"Preferred unless diagnosedprior to age 18, thenGraded "
Sitagliptin-Metformin ,Non-Insulin Diabetes/Type 2 ,"Preferred unless diagnosedprior to age 18, thenGraded "
Sitagliptin-Simvistatin ,Non-Insulin Diabetes/Type 2 ,"Preferred unless diagnosedprior to age 18, thenGraded "
Slameterol ,"Chronic Obstructive Pulmonary Disease,Emphysema, Chronic Asthma,Black Lung, ChronicBronchitis, ChronicRespiratory Disease ",Standard 
Sorafenib ,Cancer ,Within 2 yrs-Decline Within 2 to 4 yrs-GradedOver 4 yrs-Preferred 
Sotalol ,Arrhythmia/Irregular HeartRhythm ,Within 2 yrs-Standard Over 2 yrs-Preferred 
Sovaldi ,Hepatitis B or C ,Within 1 yr-Graded Within 2 yrs-Standard Over 2 yrs-Preferred if resolved 
Spiriva ,"Chronic Obstructive Pulmonary Disease,Emphysema, Chronic Asthma,Black Lung, ChronicBronchitis, ChronicRespiratory Disease ",Standard 
Spironolactone ,Cirrhosis ,Within 1 yr-Graded Within 2 yrs-Standard Over 2 yrs-Preferred 
Spironolactone ,Congestive Heart Failure/CHF ,Within 1 yr-Graded Within 2 yrs-Standard Over 2 yrs-Preferred if CHF resolved 
Spironolactone-Hydrochlorothiazide ,Congestive HeartFailure/CHF ,Within 1 yr-Graded Within 2 yrs-Standard Over 2 yrs-Preferred if CHF resolved 
Sprycel ,Cancer ,Within 2 yrs-Decline Within 2 to 4 yrs-GradedOver 4 yrs-Preferred 
Stalevo ,Parkinson's Disease ,Standard 
Starlix ,Non-Insulin Diabetes/Type 2 ,"Preferred unless diagnosedprior to age 18, thenGraded "
Stavzor ,Seizures ,Within 1 yr and > 12seizures in last yr-Graded; Within 2 yrs and >12 seizures in last 2 yrs-Std; Over 2 years or < 12seizures respectively-Preferred 
Stiolto ,"Chronic Obstructive Pulmonary Disease,Emphysema, Chronic Asthma,Black Lung, ChronicBronchitis, ChronicRespiratory Disease ",Standard
Stivarga ,Cancer ,Within 2 yrs-Decline Within 2 to 4 yrs-GradedOver 4 yrs-Preferred 
Streptozocin ,Cancer ,Within 2 yrs-Decline Within 2 to 4 yrs-GradedOver 4 yrs-Preferred 
Suboxone ,Drug Abuse ,Within 1 yr-Graded Within 2 yrs-Standard Over 2 yrs-Preferred 
Sunitinib ,Cancer ,Within 2 yrs-Decline Within 2 to 4 yrs-GradedOver 4 yrs-Preferred 
Supprelin ,Cancer ,Within 2 yrs-Decline Within 2 to 4 yrs-GradedOver 4 yrs-Preferred 
Sutent ,Cancer ,Within 2 yrs-Decline Within 2 to 4 yrs-GradedOver 4 yrs-Preferred 
Symbicort ,"Chronic Obstructive Pulmonary Disease,Emphysema, Chronic Asthma, Black Lung, ChronicBronchitis, ChronicRespiratory Disease ",Standard 
Symlin ,Insulin DependentDiabetes/Type 1 ,Within 2 yrs-Std Over 2 yrs-Preferred 
Syprine ,Liver Disease ,Within 1 yr-Graded Within 2 yrs-Standard Over 2 yrs-Preferred 
Tacrolimus ,Liver Disease ,Within 1 yr-Graded Within 2 yrs-Standard Over 2 yrs-Preferred 
Tambocor ,Arrhythmia/Irregular HeartRhythm ,"Within 2 yrs-Standard, Over2 yrs-Preferred "
Tamoxifen ,Cancer ,Preferred if prophylacticuse only 
Tarceva ,Cancer ,Within 2 yrs-Decline Within 2 to 4 yrs-GradedOver 4 yrs-Preferred 
Targretin ,Cancer ,Within 2 yrs-Decline Within 2 to 4 yrs-GradedOver 4 yrs-Preferred 
Taxotere ,Cancer ,Within 2 yrs-Decline Within 2 to 4 yrs-GradedOver 4 yrs-Preferred 
Taztia ,Angina/Chest Pain ,Based on date of diagnosis:Within 1 yr-Graded; Within 2 yrs-Standard; Over 2 years-Preferred 
Taztia ,Arrhythmia ,Within 2 yrs-Standard Over 2 yrs-Preferred 
Tegretol,Seizures ,Within 1 yr and > 12seizures in last yr-Graded; Within 2 yrs and > 12 seizures in last 2 yrs-Std; Over 2 years or < 12seizures respectively-Preferred 
Telmisartan ,Congestive HeartFailure/CHF ,Within 1 yr-Graded Within 2 yrs-Standard Over 2 yrs-Preferred if CHF resolved 
Temodar ,Cancer ,Within 2 yrs-Decline Within 2 to 4 yrs-GradedOver 4 yrs-Preferred 
Temozolomide ,Cancer ,Within 2 yrs-Decline Within 2 to 4 yrs-GradedOver 4 yrs-Preferred 
Temsirolimus ,Cancer ,Within 2 yrs-Decline Within 2 to 4 yrs-GradedOver 4 yrs-Preferred 
Tenormin ,Angina/Chest Pain ,Based on date of diagnosis:Within 1 yr-Graded; Within 2 yrs-Standard; Over 2 years-Preferred 
Tenormin ,Heart Attack ,Date of Heart Attack: Within 1 yr-Graded Within 2 yrs-Standard > 2 yrs-Preferred 
Tenormin ,Congestive Heart Failure/CHF ,Within 1 yr-Graded Within 2 yrs-Standard Over 2 yrs-Preferred if CHF resolved 
Tenormin ,Congestive HeartFailure/CHF ,Within 1 yr-Graded Within 2 yrs-Standard Over 2 yrs-Preferred if CHF resolved 
Testopel ,Cancer ,Within 2 yrs-Decline Within 2 to 4 yrs-GradedOver 4 yrs-Preferred 
Testosterone Cypionate ,Cancer ,Within 2 yrs-Decline Within 2 to 4 yrs-GradedOver 4 yrs-Preferred 
Testosterone Enanthate ,Cancer ,Within 2 yrs-Decline Within 2 to 4 yrs-GradedOver 4 yrs-Preferred 
Testred ,Cancer ,Within 2 yrs-Decline Within 2 to 4 yrs-GradedOver 4 yrs-Preferred 
Teveten ,Congestive HeartFailure/CHF ,Within 1 yr-Graded Within 2 yrs-Standard Over 2 yrs-Preferred if CHF resolved 
Theo-24 ,"Chronic Obstructive Pulmonary Disease,Emphysema, Chronic Asthma,Black Lung, ChronicBronchitis, ChronicRespiratory Disease ",Standard 
Theochron ,"Chronic Obstructive Pulmonary Disease,Emphysema, Chronic Asthma,Black Lung, ChronicBronchitis, ChronicRespiratory Disease ",Standard
Theophylline ,"Chronic Obstructive Pulmonary Disease,Emphysema, Chronic Asthma,Black Lung, ChronicBronchitis, ChronicRespiratory Disease ",Standard 
Theracys ,Cancer ,Within 2 yrs-Decline Within 2 to 4 yrs-GradedOver 4 yrs-Preferred 
Thiotepa ,Cancer ,Within 2 yrs-Decline Within 2 to 4 yrs-GradedOver 4 yrs-Preferred 
Tiagabine ,Seizures ,Within 1 yr and > 12seizures in last yr-Graded; Within 2 yrs and >12 seizures in last 2 yrs-Std; Over 2 years or < 12seizures respectively-Preferred 
Tiazac ,Angina/Chest Pain ,Based on date of diagnosis:Within 1 yr-Graded; Within 2 yrs-Standard; Over 2 years-Preferred 
Tice BCG ,Cancer ,Within 2 yrs-Decline Within 2 to 4 yrs-GradedOver 4 yrs-Preferred 
Tikosyn ,Arrhythmia ,Within 2 yrs-Standard Over 2 yrs-Preferred 
Tiotropium Bromide ,"Chronic Obstructive Pulmonary Disease,Emphysema, Chronic Asthma,Black Lung, ChronicBronchitis, ChronicRespiratory Disease ",Standard 
Tiotropium Bromide-Olodaterol HCL ,"Chronic Obstructive Pulmonary Disease,Emphysema, Chronic Asthma,Black Lung, Chronic Bronchitis, ChronicRespiratory Disease ",Standard 
Tizanidine ,Multiple Sclerosis ,Standard 
Tolazamide ,Non-Insulin Diabetes/Type 2 ,"Preferred unless diagnosedprior to age 18, thenGraded "
Tolbutamide ,Non-Insulin Diabetes/Type 2 ,"Preferred unless diagnosedprior to age 18, thenGraded "
Topamax ,Seizures ,Within 1 yr and > 12seizures in last yr-Graded; Within 2 yrs and >12 seizures in last 2 yrs-Std; Over 2 years or < 12seizures respectively-Preferred 
Topiragen ,Seizures ,Within 1 yr and > 12seizures in last yr-Graded; Within 2 yrs and >12 seizures in last 2 yrs-Std; Over 2 years or < 12seizures respectively-Preferred 
Topiragen ,Alcohol Abuse ,Within 1 yr-Graded Within 2 yrs-Standard Over 2 yrs-Preferred 
Topiramate ,Seizures ,Within 1 yr and > 12seizures in last yr-Graded; Within 2 yrs and >12 seizures in last 2 yrs-Std; Over 2 years or < 12seizures respectively-Preferred 
Topiramate ,Alcohol Abuse ,Within 1 yr-Graded Within 2 yrs-Standard Over 2 yrs-Preferred 
Topomax ,Alcohol Abuse ,Within 1 yr-Graded Within 2 yrs-Standard Over 2 yrs-Preferred 
Toposar ,Cancer ,Within 2 yrs-Decline Within 2 to 4 yrs-GradedOver 4 yrs-Preferred 
Topotecan ,Cancer ,Within 2 yrs-Decline Within 2 to 4 yrs-GradedOver 4 yrs-Preferred 
Toprol ,Angina/Chest Pain ,Based on date of diagnosis:Within 1 yr-Graded; Within 2 yrs-Standard; Over 2 years-Preferred 
Toprol ,Congestive HeartFailure/CHF ,Within 1 yr-Graded Within 2 yrs-Standard Over 2 yrs-Preferred if CHF resolved 
Torisel ,Cancer ,Within 2 yrs-Decline Within 2 to 4 yrs-GradedOver 4 yrs-Preferred 
Torsemide ,Cirrhosis ,Within 1 yr-Graded Within 2 yrs-Standard Over 2 yrs-Preferred 
Torsemide ,Congestive HeartFailure/CHF ,Within 1 yr-Graded Within 2 yrs-Standard Over 2 yrs-Preferred if CHF resolved 
Torsemide ,Kidney/Renal Disease ,Within 4 yrs-Std Over 4 yrs-PreferredOn Dialysis-Graded 
Toujeo ,Insulin DependentDiabetes/Type 1 ,"Within 2 yrs-Standard, Over2 yrs-Preferred "
Tresiba ,Insulin DependentDiabetes/Type 1 ,"Within 2 yrs-Standard, Over2 yrs-Preferred "
Tradjenta ,Non-Insulin Diabetes/Type 2 ,"Preferred unless diagnosedprior to age 18, thenGraded "
Tranxene T-tab,Seizures ,Within 1 yr and > 12seizures in last yr-Graded; Within 2 yrs and >12 seizures in last 2 yrs-Std; Over 2 years or < 12seizures respectively-Preferred 
Tranxene T-tab ,Alcohol Abuse ,Within 1 yr-Graded Within 2 yrs-Standard Over 2 yrs-Preferred 
Trastuzumab ,Cancer ,Within 2 yrs-Decline Within 2 to 4 yrs-GradedOver 4 yrs-Preferred 
Trelstar ,Cancer ,Within 2 yrs-Decline Within 2 to 4 yrs-GradedOver 4 yrs-Preferred 
Trental ,Circulatory/VascularDisorder ,Within 2 yrs-Standard Over 2 yrs-Preferred 
Trexall ,Cancer ,Within 2 yrs-Decline Within 2 to 4 yrs-GradedOver 4 yrs-Preferred 
Trihexyphenidyl ,Parkinson's Disease ,Standard 
Trileptal ,Seizures ,Within 1 yr and > 12 seizures in last yr-Graded; Within 2 yrs and >12 seizures in last 2 yrs-Std; Over 2 years or < 12seizures respectively-Preferred 
Triptorelin Pamoate ,Cancer ,Within 2 yrs-Decline Within 2 to 4 yrs-GradedOver 4 yrs-Preferred 
Tudorza Pressair ,"Chronic Obstructive Pulmonary Disease,Emphysema, Chronic Asthma,Black Lung, ChronicBronchitis, ChronicRespiratory Disease ",Standard 
Tykerb ,Cancer ,Within 2 yrs-Decline Within 2 to 4 yrs-GradedOver 4 yrs-Preferred 
Tysabri ,Multiple Sclerosis ,Standard 
URSO Forte ,Cirrhosis ,Within 1 yr-Graded Within 2 yrs-Standard Over 2 yrs-Preferred 
Ursodiol ,Cirrhosis ,Within 1 yr-Graded Within 2 yrs-Standard Over 2 yrs-Preferred 
Valium ,Alcohol Abuse ,Within 1 yr-Graded Within 2 yrs-Standard Over 2 yrs-Preferred 
Valproate Sodium ,Seizures ,Within 1 yr and > 12seizures in last yr-Graded; Within 2 yrs and >12 seizures in last 2 yrs-Std; Over 2 years or < 12seizures respectively-Preferred 
Valproic Acid ,Seizures ,Within 1 yr and > 12seizures in last yr-Graded; Within 2 yrs and >12 seizures in last 2 yrs-Std; Over 2 years or < 12seizures respectively-Preferred 
Valrubicin ,Cancer ,Within 2 yrs-Decline Within 2 to 4 yrs-GradedOver 4 yrs-Preferred 
Valsartan ,Congestive HeartFailure/CHF ,Within 1 yr-Graded Within 2 yrs-Standard Over 2 yrs-Preferred if CHF resolved 
Valsartan-Sacubitril ,Congestive HeartFailure/CHF ,"Within one yr-graded,Within 2 yrs-Standard, Over 2 yrs-Preferred if CHF resolved "
Vantas ,Cancer ,Within 2 yrs-Decline Within 2 to 4 yrs-GradedOver 4 yrs-Preferred 
Varenicline ,Smoking Cessation ,Within 1 yr-Tobacco rates 
Vasotec ,Congestive HeartFailure/CHF ,Within 1 yr-Graded Within 2 yrs-Standard Over 2 yrs-Preferred if CHF resolved 
Ventolin ,"Chronic Obstructive Pulmonary Disease,Emphysema, Chronic Asthma,Black Lung, ChronicBronchitis, ChronicRespiratory Disease ",Standard 
Verapamil ,Angina/Chest Pain ,Based on date of diagnosis:Within 1 yr-Graded; Within 2 yrs-Standard; Over 2 years-Preferred 
Verelan ,Angina/Chest Pain ,Based on date of diagnosis:Within 1 yr-Graded; Within 2 yrs-Standard; Over 2 years-Preferred 
Victoza ,Non-Insulin Diabetes/Type 2 ,"Preferred unless diagnosedprior to age 18, thenGraded "
Victrelis ,Hepatitis B or C ,Within 1 yr-Graded Within 2 yrs-Standard Over 2 yrs-Preferred if resolved 
Vigabatrin ,Seizures ,Within 1 yr and > 12seizures in last yr-Graded; Within 2 yrs and >12 seizures in last 2 yrs-Std; Over 2 years or < 12seizures respectively-Preferred 
Vimpat ,Seizures ,Within 1 yr and > 12 seizures in last yr-Graded; Within 2 yrs and >12 seizures in last 2 yrs-Std; Over 2 years or < 12seizures respectively-Preferred 
Vinblastine,Cancer ,Within 2 yrs-Decline Within 2 to 4 yrs-GradedOver 4 yrs-Preferred 
Vincasar ,Cancer ,Within 2 yrs-Decline Within 2 to 4 yrs-GradedOver 4 yrs-Preferred 
Vincristine ,Cancer ,Within 2 yrs-Decline Within 2 to 4 yrs-GradedOver 4 yrs-Preferred 
Vivitrol ,Alcohol Abuse ,Within 1 yr-Graded Within 2 yrs-Standard Over 2 yrs-Preferred 
Vivitrol ,Drug Abuse ,Within 1 yr-Graded Within 2 yrs-Standard Over 2 yrs-Preferred 
Votrient ,Cancer ,Within 2 yrs-Decline Within 2 to 4 yrs-GradedOver 4 yrs-Preferred 
Warfarin ,Heart Attack ,Date of Heart Attack: Within 1 yr-Graded Within 2 yrs-Standard > 2 yrs-Preferred 
Warfarin ,Stroke/CVA ,Date of Stroke: Within 1 yr-Graded; Within 2 yrs-Standard; Over 2 yrs-Preferred 
WelChol ,Non-Insulin Diabetes/Type 2 ,"Preferred unless diagnosedprior to age 18, thenGraded "
Xalkori ,Cancer ,Within 2 yrs-Decline Within 2 to 4 yrs-GradedOver 4 yrs-Preferred 
Xarelto ,Arrhythmia ,Within 2 yrs-Standard Over 2 yrs-Preferred 
Xeloda ,Cancer ,Within 2 yrs-Decline Within 2 to 4 yrs-GradedOver 4 yrs-Preferred 
Xgeva ,Cancer ,Within 2 yrs-Decline Within 2 to 4 yrs-GradedOver 4 yrs-Preferred 
Xifaxan ,Liver Disease ,Within 1 yr-Graded Within 2 yrs-Standard Over 2 yrs-Preferred 
Zafirlukast ,"Chronic Obstructive Pulmonary Disease,Emphysema, Chronic Asthma, Black Lung, ChronicBronchitis, ChronicRespiratory Disease ",Standard 
Zanaflex ,Multiple Sclerosis ,Standard 
Zanosar ,Cancer ,Within 2 yrs-Decline Within 2 to 4 yrs-GradedOver 4 yrs-Preferred 
Zarontin ,Seizures ,Within 1 yr and > 12seizures in last yr-Graded; Within 2 yrs and >12 seizures in last 2 yrs-Std; Over 2 years or < 12 seizures respectively-Preferred 
Zaroxolyn ,Kidney/Renal Disease ,Within 4 yrs-Std Over 4 yrs-PreferredOn Dialysis-Graded 
Zebeta ,Angina/Chest Pain ,Based on date of diagnosis:Within 1 yr-Graded; Within 2 yrs-Standard; Over 2 years-Preferred 
Zebeta ,Congestive HeartFailure/CHF ,Within 1 yr-Graded Within 2 yrs-Standard Over 2 yrs-Preferred if CHF resolved 
Zemplar ,Kidney/Renal Disease ,Within 4 yrs-Std Over 4 yrs-Preferred On Dialysis-Graded 
Zestril ,Heart Attack ,Date of Heart Attack: Within 1 yr-Graded Within 2 yrs-Standard > 2 yrs-Preferred 
Zestril ,Congestive HeartFailure/CHF ,Within 1 yr-Graded Within 2 yrs-Standard Over 2 yrs-Preferred if CHF resolved 
Zoladex ,Cancer ,Within 2 yrs-Decline Within 2 to 4 yrs-GradedOver 4 yrs-Preferred 
Zoledronic Acid ,Cancer ,Within 2 yrs-Decline Within 2 to 4 yrs-GradedOver 4 yrs-Preferred 
Zometra ,Cancer ,Within 2 yrs-Decline Within 2 to 4 yrs-GradedOver 4 yrs-Preferred 
Zonegran ,Seizures ,Within 1 yr and > 12seizures in last yr-Graded; Within 2 yrs and >12 seizures in last 2 yrs-Std; Over 2 years or < 12seizures respectively-Preferred 
Zonisamide ,Seizures ,Within 1 yr and > 12seizures in last yr-Graded; Within 2 yrs and >12 seizures in last 2 yrs-Std; Over 2 years or < 12seizures respectively-Preferred 
Zyban ,Smoking Cessation ,Within 1 yr-Tobacco rates 
Zytiga ,Cancer ,"Within 2 yrs-Decline,Within 2 to 4 yrs-Graded,Over 4 yrs-Preferred "
